	peo3	
dean@strelau.net	dstrelau	Trunk Club
	norio	
stephane.busso@gmail.com	sbusso	Activelabs
lourens@methodmissing.com	methodmissing	Bear Metal OÜ
brainopia@evilmartians.com	brainopia	Evil Martians
nadeem@gmail.com	shinzui	
jari.bakken@gmail.com	jarib	Ruby programmer, guitarist, open source enthusiast. Software Engineer at FINN.no and lead developer of Norwegian parliamentary watchdog @holderdeord.
	hunter	
rickmzp@gmail.com	rickmzp	
	eyecat	
guillaume.aubert@gmail.com	gaubert	www.gmvault.org
marco.otte-witte@simplabs.com	marcoow	simplabs
	babo	
abradburne@gmail.com	abradburne	
stan@mazurek.me	stan	
	mixxmac	
joshsuggs@gmail.com	joshua	ACS Technologies
ken@apcera.com	krobertson	Apcera
	azabaj	Ombrello Media
	jonpierce	
webmat@gmail.com	webmat	Rock Solid Ops Inc.
dara@shidara.net	darashi	Enishi Tech Inc.
mmcgrana@gmail.com	mmcgrana	Heroku
dan.dorman@gmail.com	dandorman	Instructure
chunter@wondertwinpowers.net	jugglebird	
	HiroProt	Forkly Inc.
walf443 at gmail dot com	walf443	
	comewalk	Six Apart, Ltd.
schmurfy@gmail.com	schmurfy	
	caleon	Juscribe
scaner@gmail.com	is	
josef.pospisil@laststar.eu	pepe	LastStar.eu
steve.odom@gmail.com	steveodom	Simile
	hotchpotch	Cookpad
mrluanma@gmail.com	mrluanma	
ntaoo.g@gmail.com	ntaoo	
mrkn+github@mrkn.jp	mrkn	
	wizardofcrowds	
	tsuka	
vesa@vesavanska.com	vesan	Kisko Labs
nabeken@tknetworks.org	nabeken	software developer
marcos.silva@gmail.com	marcospereira	Globo.com
bensie@gmail.com	bensie	JK Tech
john.dagostino@gmail.com	johndagostino	
genki@s21g.com	genki	s21g Inc.
github@liskar.com	ktowle	Liskar Communications
abhishek[at]parolkar[_dot_]com	parolkar	
	hamaco	
arto@bendiken.net	bendiken	Datagraph
navyblueshellingford@gmail.com	shelling	handlino
digicyc at gmail  (dot) com	digicyc	Code For War
rgaidot@gmail.com	rgaidot	
github@luismayoral.com	mayoral	
chris@hinterland.nu	miklophone	Hinterland
	yrcjaya	
mech@me.com	mech	Career Pacific / Jobline
jivkobg@gmail.com	jivko	
	xeal	
richard.hubers@gmail.com	rh	
kenichi.taka@gmail.com	kenchan	Eiwa System Management, Inc.
	mackato	AIRS, inc.
leeseon@gmail.com	leeseon	leeseon.com
	araddon	Lytics.io
jugyo.org@gmail.com	jugyo	Twitter, Inc.
jason@devtwo.com	openface	DevTwo, LLC
	Yasushi	
ursm@ursm.jp	ursm	Eiwa System Management
	macarthy	Solo 
	tlossen	
   	grigio	
dungtn@gmail.com	tiendung	X-men Origin @ Vinova
huangliang2211@gmail.com	huangliang2211	
	leeh	
	haru01	
levicook@gmail.com	levicook	SupportLocal
poga@poga.tw	poga	g0v, myself
paul@tertiusfamily.net	plathrop	Krux Digital, Inc.
takai@recompile.net	takai	Akasaka.rb
mzp_at_ocaml.jp	mzp	Not in employment
	davidwinter	
	weekface	团800
kohei@machu.jp	machu	
muddydixon@gmail.com	muddydixon	
k.ashizawa@gmail.com	ashizawa	Rebelt inc.
zac@zenpow.com	zaczheng	
	kataring	Sumally Inc.
shuhei.kondo@gmail.com	dot	Organization for Supporting Clinical Research (NPO OSCR)
	nakao	BioRuby.org, CreativeCommons Japan
ilya@igvita.com	igrigorik	Google
	oppara	
yusuke@kamawada.com	yusukebe	Wadit Inc.
wyt.brandon@gmail.com	wuyuntao	
	sakuro	feedforce Inc.
hexa.diary@gmail.com	Hexa	
hirotaka.ogawa@gmail.com	ogawa	AIST
watrty@gmail.com	kga	
dustin.whittle@gmail.com	dustinwhittle	AppDynamics
closer009@gmail.com	closer	
brianrue@gmail.com	brianr	Rollbar
shibata.hiroshi@gmail.com	hsbt	paperboy&co., Inc.
	kammy	
jzwang22@gmail.com	jianzwang	
	rytich	
pantherhead@gmail.com	guin	
masafumi.f@gmail.com	maxy	
shin1ogawa@gmail.com	shin1ogawa	
	maxigs	
mehmet@celik.be	mehmetc	celik.be
niw@niw.at	niw	Twitter, Inc.
dave@logidac.net	dclausen	LaunchTrack
	willdrew	
	phyxavier	
from.github@nisgits.net	stigkj	FINN.no
jtoy@jtoy.net	jtoy	TrueLens
herestomwiththeweather@gmail.com	herestomwiththeweather	
repeatedly@gmail.com	repeatedly	Treasure Data, Inc.
bwb@holo.org	bwbuchanan	
	yoppi	
ozaki@yuroyoro.com	yuroyoro	
keiji.muraishi@gmail.com	kjim	IIJ
yaotti@qiita.com	yaotti	Increments Inc (Qiita)
lee.hambley@gmail.com	leehambley	
naoya.n@gmail.com	n0ts	Freelancer
alq@datadoghq.com	alq666	Datadog, Inc.
takuto.wada@gmail.com	twada	Towersquest Inc.
ryuzo.yamamoto@gmail.com	dragon3	Nulab Inc.
chris4403@gmail.com	chris4403	
	Laurian	
tom.lpsd@gmail.com	tom-lpsd	
builes.adolfo@gmail.com	abuiles	
jimibandrix@gmail.com	jimibandrix	one-r Inc.
racklin@gmail.com	racklin	VIVIPOS Co.,Ltd
thefaulkner@gmail.com	faulkner	
ys.ashida@gmail.com	asip	
yutaka.matsubara@gmail.com	mopemope	Abby
iwazawa@gmail.com	iwazer	
	sanjaymijar	
	mfenner	
shinichi.tomita@gmail.com	stomita	mashmatrix, Inc.
mail@mashiro.org	mashiro	
thugde	kiyoshi	
ricardoluiz1.almeida@gmail.com	ricardoalmeida	
richard.allaway@gmail.com	rall	
takuya21hashimoto@gmail.com	memerelics	Zaim Inc
	terrychou	
libkazz@gmail.com	libkazz	Japan
yuiseki@gmail.com	yuiseki	
cou929@gmail.com	cou929	FreakOut, inc
masaki@hisme.net	masarakki	Dwango
gihnius@gmail.com	gihnius	
iomz@sfc.wide.ad.jp	iomz	
waldemar.quevedo@gmail.com	wallyqs	Rakuten, Inc.
	micha-de	DaWanda GmbH
taylor@codecafe.com	taylor	CodeCafe
kevin@transloadit.com	kvz	Transloadit
rosylilly@aduca.org	rosylilly	Magnet inc
kmr.clover@gmail.com	kmr	mio-design works
brmtrain@gmail.com	kimuras	Japan
tdmackey@booleanhaiku.com	tdmackey	Twitter
ddellacosta@gmail.com	ddellacosta	DiligenceEngine (and a bit of MIT HyperStudio on the side)
brian.cline@gmail.com	briancline	SoftLayer / IBM
	fire	
james.s.young@gmail.com	jamesyoung	self
zhangyu34@gmail.com	swachian	
mkataigi+github@gmail.com	mkataigi	
kramer@acm.org	ret	
eitoball@gmail.com	eitoball	
github@makimoto.org	makimoto	COOKPAD Inc.
sho.shimauchi@gmail.com	shiumachi	Cloudera
	comuri	
limboy.me@gmail.com	lzyy	Mtime -> iFeng -> Zhihu -> Huaban
tristan.sloughter@gmail.com	tsloughter	Heroku
	slowcore	
tmtysk at gmail dot com	tmtysk	
riywo.jp@gmail.com	riywo	DeNA
Mooktakim@fluxter.co.uk	mooktakim	
brianvh89@gmail.com	brianvh	
mathieu.ravaux@gmail.com	mathieuravaux	Preplay, Inc
toshi.kawanishi@gmail.com	toshi-kawanishi	
jbyers@gmail.com	jbyers	Wikispaces
augusto@becciu.org	abecciu	
zstumgoren@gmail.com	zstumgoren	
chris@hamant.net	chrishamant	Milewide
	arvicco	
	artbikes	
	hyjin	
	ant0ine	Say Media Inc
bowsersenior AT gmail DOT com	bowsersenior	Apple
zan@liangzan.net	liangzan	Dropmyemail
	kimyoutora	Twitter, formerly Posterous
	qubug	
asd@mokote.com	sashka	Mokote
cognition.mind@gmail.com	cognition	ÆtherealMind
stones.gao@gmail.com	stonegao	Innovation Works
	lucian	Luxoft
abdelhak.l@saastisfy.com	saastisfy	Saastisfy
	hiroyukim	
	pcdinh	Skunkworks
	wicz	
florentin.raud@gmail.com	kyzh	
	takkanm	Eiwa System Management, Inc.
	luvtechno	Wantedly
jeremyspouken@gmail.com	jeremyspouken	Scrapflix, Inc.
dannluciano@gmail.com	dannluciano	Dlcorp
tatsuo.sakurai@gmail.com	tatsuo	everyleaf.com
daijiro.mori@gmail.com	daijiro	groonga.org
	kingofhawks	
ken97531@gmail.com	knsmr	
leguizamon.gustavo@gmail.com	goopi	IrbisLab
chris@zentrification.com	zentrification	
	mhag	
kazeburo@gmail.com	kazeburo	LINE Corp.
	vinnyglennon	
	atsuhiro	Clobelt
gonglexin@gmail.com	gonglexin	
juan.vidal@sponsorpay.com	juanjo	Sponsorpay
	boyjunqiang	
kureikain@gmail.com	kureikain	Axcoto
	tallakt	
konbu.komuro@gmail.com	hogelog	cookpad
	miyucy	
abhishek.twr@gmail.com	atiw003	Fisheye Perspective
hincubus@gmail.com	Hinc	UC
sixfeetover@gmail.com	sixfeetover	
	kiall	
darjeeling@gmail.com	darjeeling	
	kaze	
	stupidbodo	
tanbamboo@gmail.com	tanbamboo	
kyun0612 at gmail.com	kyuns	
tomohiro.t@gmail.com	Tomohiro	OCC Corporation
sebastien.houze@gmail.com	shouze	RezZza
fire9@me.com	fire9	
	suehiro	
	rummble	
	paranoid	
yukiex@gmail.com	yukiex	Commerce Link Inc.
hiroe.orz@gmail.com	hiroeorz	Japane
hattorix0@gmail.com	hattorix	
joeharris76@gmail.com	joeharris76	
	codeactual	
	hiroya	
	xmarcos	Fenix Studio
liuzihua8(gogogo)gmail.com	biti	liuzihua.org
komamitsu@gmail.com	komamitsu	Treasure Data
	ldmiao	
	eflye	
nobu.k.jp+github@gmail.com	nobu-k	Preferred Infrastructure
	joewest	
yamashita@geishatokyo.com	yyuu	Geisha Tokyo Entertainment Inc.
cyo@mac.com	kaz29	
	tshinohara	
marijn@pink-tie.com	marijn	Pink Tie
ryushi@gmail.com	taichi	
dianhui.nie@gmail.com	niedhui	
flyerhzm@gmail.com	flyerhzm	Ruby on rails freelancer
ytesaki@gmail.com	ytesaki	
aisipos@gmail.com	aisipos	
s-mikami@axsh.net	saicologic	axsh Co., Ltd.
	liguria	
shunsuk.life@gmail.com	shunsuk	Cyber Records
vorobiev.alexey@gmail.com	plagi	LLC Itima
	blynch	Google, Inc.
xieyu2005@gmail.com	saxieyu	
linyows@gmail.com	linyows	
	shunwang	
manu@manu-j.com	j-manu	
futoase@gmail.com	futoase	Aiming Inc.
ianand0204@gmail.com	ianand0204	
serg@podtynnyi.com	shtirlic	Yandex/SPB TV
suchi@suchi.org	suchi	ELYSIUM Co.,Ltd.
yusuke@mac.com	yusuke	Samuraism Inc.
contact@valentinbora.com	valentinbora	SimplySocial Inc.
o.gata.ken@gmail.com	sanemat	Oh My Glasses Inc.
alphaengine@gmail.com	cousine	mash, Ltd.
bongole2@gmail.com	bongole	
	tomofusa	
nobjas@gmail.com	noblejasper	inBlue.inc
	daiikeda	
	sohgett	
m@skahack.com	SKAhack	
contact@tutaktran.com	taktran	
	a3bhea	
lvyu66@gmail.com	ly	
sugi1982+github@gmail.com	sugyan	
nurul@ferdo.us	dynamicguy	Individual
sandinista21@gmail.com	sandinist	
	deepakprasanna	
lars@oddbit.com	larsks	
jondotan@gmail.com, dotan@paracode.com	jondot	Paracode
erukiti あっと gmail どっと com	erukiti	
tks.ohishi@gmail.com	tksohishi	Twitter, Inc.
warwick@getharvest.com	warwickp	Harvest, Silicon Valley Forge
	chocoby	
	t32k	CyberAgent, Inc.
zhougn@gmail.com	zhougn	FreeWheel
kenn@ibinary.com	kcnickerson	iBinary LLC
	skrivanos	
nickpunt@gmail.com	nickpunt	EdSurge
leobessa@gmail.com	leobessa	
hello@spenserj.com	SpenserJ	
tily05@gmail.com	tily	
hello@joshellington.com	joshellington	
philw@activestate.com	philwhln	ActiveState
steve@blue64.net	slevine	Independent Freelancer
mitsukuni.sato@gmail.com	key	Lemonade Lab, Inc.
iynaix@gmail.com	iynaix	Zoopshop
	ykhroki	
	mechairoi	
	lankz	Habanero Software
	FoGhost	
mike.d.1984@gmail.com	29decibel	
sugamasao@gmail.com	sugamasao	
	l4u	
juanmanuel.barreneche@gmail.com	jbarreneche	
public@rafaelferreira.net	rafaeldff	
javier@aranda.io	arandaio	NoSoloSoftware
v1nc3ntlaw@gmail.com	v1nc3ntlaw	
shin1rosei@kayac.com	shin1rosei	
	kysnm	
pawel.solyga@gmail.com	solydzajs	Tooploox
wang.fl1429@gmail.com	wxianfeng	Netposa
	rookus	
ozawa.tsuyoshi@gmail.com	oza	NTT
	rationalthug	
yilugurlu@gmail.com	metoikos	Coolshark Video Advertising Network
jessesanford@gmail.com	therealjessesanford	
	yayohei	
brt.river@gmail.com	brtriver	
nicolai86@me.com	nicolai86	
	luuse	
news@emmanuelsambo.com	esambo	
	yujiorama	
	satoship	Cookpad
clanherb@gmail.com	op-sdo-com	
kehao.qiu@gmail.com	Kehao	
benbjohnson@yahoo.com	benbjohnson	
	zmbacker	
hfcorriez@gmail.com	hfcorriez	Trimidea
	strcrzy	
	dondoco7	
happy _at_ oh4u.net	junaruga	
	yanaoki	
	manboubird	
daisuke.mori9@gmail.com	mdaisuke	freee
	gciampa	
	bohnen	
github@pureftpd.org	jedisct1	OpenDNS
tomaz@tomaz.me	Kami	DivvyCloud
elliot@dissociate.net	elliot42	Framed Data
wingogoo@gmail.com	wingoo	lab2.me
ojimac@gmail.com	ojimac	Spark Lab. Singapore Pte Ltd
gauched+github@gmail.com	gauched	
holygrail81@gmail.com	HolyGrail	spicelife
	rane-hs	
rodrigolazoti@gmail.com	rlazoti	
	andrewrjones	
paolo.freuli@gmail.com	wuatanabe	
uiltondutra@gmail.com	uiltondutra	Ocapi
	high5	
	oguzbilgic	
brandon@helwig.co	brhelwig	
rhio.kim@gmail.com	rhiokim	Haroo Studio
aquajach@gmail.com	aquajach	
slim@tebourbi.com	stebourbi	
dijakroot@gmail.com	rootart	Djangostars
ysy0217+github@gmail.com	yamashiro	
harebox@gmail.com	harebox	Naver Corp.
portertech@gmail.com	portertech	
yono.05@gmail.com	yono	
sugy.kz-at-gmail.com	sugy	
hhatto.jp@gmail.com	hhatto	KLab Inc.
kyohei.hamada@gmail.com	haman29	
christoffer@eliesen.no	sce	
ryross@gmail.com	ryross	Ross Web Consulting
pavel@marakhovsky.com	Unatine	
abe@abevoelker.com	abevoelker	Voelker Software LLC
	sunnygleason	SunnyCloud
	tkosmynka	TestFlight
taqumd@gmail.com	t9md	
	steflef	
	lstat	
	eabay	MC2 Ltd.
	zzzhc	
xiang.can@gmail.com	fabware	
romain.biard@gmail.com	Romain	Digital Lift
	fresus	kimia.mobi
	aki77	
	gologo13	
	nicholasduffy	
	emon	
phuong@lecong.org	plecong	
	pinoystartup	
	mercysluck	
travis@traviskuhl.com	traviskuhl	
jason.robert.koppe@gmail.com	jkoppe	Indeed.com
yfeldblum@gmail.com	yfeldblum	Facebook
kozy4324@gmail.com	kozy4324	
afu@forresty.com	forresty	
	ashayh	
me@colinyoung.com	colinyoung	Polymathic
mark.roggenkamp@gmail.com	mrogg	LearningStation
	lanvige	Lanvige
felix.holmgren@gmail.com	Felixyz	Holmgren Interstellar
	millken	
	kiyoto	Treasure Data, Inc.
ketan.eml@gmail.com	ketanjm	betterlabs,pragmatic techsoft,self dev and employment
	atosimitu	
	sawada0903	
mirko@mirkoborivojevic.com	borivojevic	
	robhsiao	http://xiaobin.net
mreiferson@gmail.com	mreiferson	Torando Labs
oguz.celikdemir@gmail.com	artlantis	ARTLantis Web Development & Design Studios
mail@mitukiii.jp	mitukiii	Kanamei
	mazgi	
chobieeee@php.net	chobie	Gree, Inc.
	sohgoh	NTT Resonant Inc.
nickdenengelsman@codedrops.nl	nicka	codedrops
	noddi	
	yatsyk	
	methane	KLab Inc.
christian@comunic.no	csakshaug	Comunic AS
erik@eng.se	ptz0n	Karlsson & Lord
srhaber@gmail.com	srhaber	
sylvain@kalache.fr	sylvainkalache	SlideShare
eiichiro.uchiumi@gmail.com	eiichiro	Hewlett-Packard Japan, Ltd.
zhaoyao.0xff@gmail.com	zhaoyao	Sogou
github@philippkueng.ch	philippkueng	Liip AG
tamoot+github@gmail.com	tamoot	とやましやつお
pkhamre@gmail.com	pkhamre	
floatboth@me.com	myfreeweb	
	kamechb	
dda@dara-abrams.com	drewda	
1984tkr at gmail dot com	monzou	
y-koshikawa@skyhobbit.co.jp	koshikawa	Skyhobbit
skyriser@levolution.info	skyriser	
	manevski	
matthew+github@mceachen.org	mceachen	Twitter (previously founded AdGrok)
	akhenakh	Nobugware, Dailymotion
	xiaozhen57520	
	paccator	
	mrexroad	
punytan@gmail.com	punytan	
	kmizumar	
tsukadaakihiro@gmail.com	akitsukada	Japan
knappster@knappster.net	aknapp	App.net
	penguinco	cookpad
	Tommy1969	
sunikbear@gmail.com	ikbear	Shanghai Qiniu Cloud Storage
py.stephane1@gmail.com	stephpy	VeryLastRoom - RezZza
	mhaidarh	Hazeorid
	oranie	
sign.of.the.wolf.pentagram@gmail.com	yuya-takeyama	
benjamin.dossantos@gmail.com	bdossantos	
tac@tac42.net	tac0x2a	
tkmtmkt@gmail.com	tkmtmkt	
yangzhengquan@gmail.com	Zhengquan	ThoughtWorks
	rainly	
	evert0n	WizeHive
quzhengping@gmail.com	jumping	BPO Solutions LLC.
	nabeo	
	chanshik	
rohit@tuplejump.com	milliondreams	tinge-n-dab
	trasch	ALPSTEIN Tourismus
t.junichiro@gmail.com	tjun	
	tkyowa	
m15.suzuki.masashi[at]gmail.com	masasuzu	Mのつく マイナーな会社
sawanoboriyu@gmail.com	sawanoboly	HiganWorks LLC.
	DrPheltRight	Gignite
steve.vezina@gmail.com	SteveVezina	Ubisoft
kzh.yap@gmail.com	kyamaguchi	
	u1tnk	
gstagas@gmail.com	stagas	
	polm	M3, Inc.
	nictrix	None
naka5313@gmail.com	nakaearth	Private (Nakamura)
	m19cmjigen	
	coffeesam	
	isll	
	mpneuried	Team Centric Software GmbH & Co. KG
shuimuqingshu@gmail.com	JeremyWei	
takezoux2@gmail.com	takezoux2	GTE
andij.cr@gmail.com	andijcr	
	wayoutmind	Dwolla
	nakj	
fatumka@gmail.com	fatum	Funbox
cside.story@gmail.com	Cside	
me@goshakkk.name	goshakkk	Consultant
	jravetch	
rajesh.koilpillai@gmail.com	rajeshkp	
	jherrm	Plethora
	bigdude	
shun0102@gmail.com	shun0102	University of Tsukuba
	ootatter	
	tfmagician	Fuller, Inc.
	ryo0301	
prax.chandra@gmail.com	prax	
	karidyang	
josh@jj88.org	jsjohns	
	nagrao	
	adsummos	
bauhaus.guangfeng@gmail.com	guangfeng	
	ethul	
	neo4reo	Renesas Mobile
mammymax@gmail.com	inohiro	
cedric@moodstocks.com	deltheil	Moodstocks
thinker0@gmail.com	thinker0	
michaelhood@gmail.com	michaelhood	Life360
	arohter	
	tembamazingi	Mail & Guardian
	ReSTARTR	Vasily.Inc
	nise-nabe	
http://www.netconstructor.com	netconstructor	NetConstructor.com
	katsyoshi	
	antila	
	bsiegfreid	
	chrisbarmonde	InstaEDU
dgkim84@gmail.com	dgkim84	
ssdnbys@gmail.com	ssdns	
amazed.koumei@gmail.com	amazedkoumei	freelance
	yuki24	
	KitaitiMakoto	
take.this.2.your.grave@gmail.com	shkumagai	X-Listing Co., Ltd
	sarlalian	National Services Group
hunterpig@gmail.com	pyhunterpig	91office.com
me@diceken.jp	diceken	NTT communications
barry@brightball.com	aramisbear	Brightball, Inc
huffman@github.com	leehuffman	GitHub
novoreorx@gmail.com	reorx	
	delta2323	
makotan@gmail.com	makotan	
	idealhack	
oren@dobzinski.com	orend	Desk.com
joao@joao.jp	jfsso	mixi, Inc.
fatrow@googlemail.com	hozumi	Ruijo, LLC
	kou-m	
tatsuya.fukata@gmail.com	fukata	UNITED
	metapsj	
murayama@logiclogic.jp	murayama	logiclogic
	lepidum	lepidum
	jannuskool	
	1000k	Digital Noodle Maker, LTD.
eiichiro.iwata+github@gmail.com	eiichiroi	
	cdchase	
n.ide927@gmail.com	norry-gogo	
toyasyu@gmail.com	yatmsu	Spacyz
	edeviant	
j.goodnow29@gmail.com	theaeolianmachine	Palantir Technologies
thehiddendepth@gmail.com	larryzhao	
highkay@gmail.com	highkay	Gall.me
andrew.crump@ieee.org	acrmp	
	meeee	
zach.bstek@gmail.com	nouh	easymoo
hitoasa@gmail.com	hito-asa	GMO Media, Inc
	bibrost	Fungoing LLC
	matsumana	
	nkmr	
	ksauzz	
utakata.c4se@gmail.com	ne-sachirou	
	gugl	
emer@emer.net	markemer	EmerNet
	yt-okzk	
dhanegm731@gmail.com	ramtiga	
	dgeske	
saidimu@gmail.com	saidimu	
pedrovfer@gmail.com	pvicente	Spartanbits
	kaandok	Solid-ICT
guoleii@gmail.com	PengHub	
yuki.tsubo@gmail.com	y-uuki	Hatena
okidogii@gmail.com	fengli	
info@tknzk.com	tknzk	
noah@batteredoats.com	noazark	
	sugarlife	
	e2kaneko	e2info co.,ltd.
odyss009@gmail.com	odyss009	
	suzuken	VOYAGE GROUP
k@uu59.org	uu59	
	tsubame959	
	joeysim	DoAT Media
you1025@gmail.com	you1025	
tsuda.h.aa@gmail.com	tsuda7	BrainPad Inc.
toshi@tilfin.com	tilfin	Tilfin Ltd.
nvquanghuy@gmail.com	nvquanghuy	Home
	9renpoto	Kayac, inc.
brian.bianco@gmail.com	brianbianco	
ifunafu@gmail.com	pokka	
	zukimochi	
	fbnfgc	
ravidsrk@gmail.com	ravidsrk	Cleartrip
	pzgz	Freelancer
contact@takashi.me	tachiba	Wondershake, Inc.
vissi@vissi.su	vissi	
	lwhsu	
niusheng@gmail.com	anklos	Tabcorp
yoikawa@salesforce.com	yoikawa	salesforce.com
kotakanbe@gmail.com	kotakanbe	
913185402@qq.com	3river	boyaa.com
losingle@gmail.com	losingle	Talkweb
	thehoff	
	sopel	opelbrothers.net
	yu123	
	greatwitenorth	
david.neudorfer@warbyparker.com	davidneudorfer	Warby Parker
yt.hisa@gmail.com	yosisa	
info@yuki-matsumoto.com	y-matsuwitter	Gunosy inc.
mattwalters5@gmail.com	mateodelnorte	
mr.sashich@gmail.com	sashich	BOTCAMP
yyaadet2002@gmail.com	yyaadet	Funshion company
seacoastboy@gmail.com	seacoastboy	
	DarkSmith	EPOKMEDIA
	indian007	
today.is.sky.blue.sky@gmail.com	SpringMT	DeNA
ez.amiryo@gmail.com	lqez	SMARTSTUDY
	tomity	
	mrpatrick	Avatar New York
	terut	
achied@gmail.com	achied	
kiwnix@gmail.com	kiwnix	
	liutaihua	
	33m	
	mogemogu	
	amon-sha	
	kn	
	baskarp	PagerDuty, Inc. (www.pagerduty.com)
	artyomboyko	
inouetakuya5@gmail.com	inouetakuya	paperboy&co.
	ideomix	
ben@bensbit.co.uk	bencevans	
	sbacelic	
ruben@rubensayshi.com	rubensayshi	
	yohxx	
	phillpafford	
	okapies	
	blewa	iovation, Blew Technology Services LLC.
lanius@nirvake.org	lanius	
leweo7@gmail.com	oguzkocer	
jaseywang@gmail.com	jaseywang	
	souta-bot	
adamjbratt@gmail.com	adambratt	
hidetaka.kojo@gmail.com	HidetakaKojo	
	atomd	
github@lxyu.net	lxyu	Eleme Inc.
hello@jkimbo.co.uk	jkimbo	
	eofsky	
g_will@ieqi.com	Gwill	
	watabiki	
	ww24	
tadanori.teruya@gmail.com	tell	
m.norihisa@gmail.com	m-nori	
	skinp	Facebook
fujita.jun@gmail.com	jfcamel	individual
chengchelo@gmail.com	chengchelo	
ngeesoon80@yahoo.com	ansyeow	
	rdat	
ltl3884@gmail.com	ltl3884	tigerknows
piglei2007@gmail.com	piglei	BreadTrip
	gopalanj	
travis.mehlinger@firehost.com	tmehlinger	
yuya.kusakabe@gmail.com	higebu	NIFTY Corporation
bujdeialexandru@gmail.com	ionutab	BeeNear
	huiliu	
	uarun	
toyama4649@hotmail.com	taka-oyama	
s.namai.2012@gmail.com	ainame	mixi, Inc.
	seikoudoku2000	
vanemu@gmail.com	vanemu	
bunny.hop.md@gmail.com	daic-h	NUBEE Tokyo Co,. Ltd.
	hiroyoshikawa	
alex.tsai2010@gmail.com	love4j	
	oscar2d2	
lanyuyang@gmail.com	y-lan	
	kareem-abdelsalam	
w.kristories@gmail.com	Kristories	
	hdogan	
	btigit	
root@kksg.net	kkosuge	
	bastengao	
gerhard.haffelt@ymc.ch	ymc-geha	YMC AG
	derzzle	
	ijohns	
yintaoxue@gmail.com	yintaoxue	58.com
dora@dora-gt.jp	dora-gt	
	blooberr	
ziyad@bazed.me	ziyadbazed	Blaast
	tgrzinic	
hitxiang@gmail.com	hitxiang	gree.jp
	chokkoyamada	CyberAgent / AMoAd
	koziy	
	abetomo	
	jbmeerkat	
	takei-yuya	
	whatstherub	
kislyuk@gmail.com	kislyuk	DNAnexus
zouguangxian@163.com	zouguangxian	
sakagoshi@r-up.jp	d-sak	Rise UP, Inc.
	frankee	
grizlo42@gmail.com	syadlowsky	
allen.w.huang@gmail.com	allenhuang	
stangogh@gmail.com	oveddan	
yasuhiroyoshida@about.me	YasuhiroYoshida	
mcarron@gmail.com	mritr	
	hirochachacha	
	hsanson	
	medvetalp	
	hiro-su	IIJ
	fatihpense	
	k24d	
t-sato@layback-lab.com	t-sato	
	mttripper	
git@ivanzazueta.com	izazueta	
	s-kimura	
xiaoliang@networking.io	geekontheway	Networking.io
	junpei-yoshino	
	jgoodleaf	
yoshihito.asoh@gmail.com	YoshihitoAso	
eugene@letenkov.ru	letenkov	FairCloud Inc.
jared.vogt@gmail.com	JaredVogt	
	pderoubaix	
	mixellent	
pat@codeofhonor.com	webcoyote	
bhushan.ahire@synechron.com	synechron-ror	
kamonshohei@gmail.com	kmn	CyberAgent
	siroken3	KLab Inc.
	rusua	
	EliFinkelshteyn	
shu@chibicode.com	chibicode	EdSurge
jpshadowapps@gmail.com	jpshadowapps	
nid3ro@gmail.com	nid3ro	
griefworker@gmail.com	tnakamura	
	jbrehm	
daisaru11@gmail.com	daisaru11	
nellaivijay@yahoo.com	nellaivijay	EMC
	nchandra	
david.alpha.fox@gmail.com	DavidAlphaFox	
	ishikawa84g	
kbinani.bt@gmail.com	kbinani	
mark@kurunt.com	markcode	Kurunt
	icespider	
	dgj2ba	
alkchen@gmail.com	alex-nexus	
ozamasa123@gmail.com	ozamasa	
github101@gmail.com	github101	github101
shimizu.taku@gmail.com	takuan-osho	
	cdolivet	Prestaconcept
jplazaarguello@gmail.com	jplaza	
	riverhuang82	
	karahiyo	
kafka0102@163.com	kafka0102	www.tuicool.com
	khash	Cloud 66
	takemikami	
asunchu@gmail.com	asunchu	
billbill290+github@gmail.com	UncleBill	
	RichLewis007	
stakemura@gmail.com	stakemura	
	antr	
yadav.swaraj@gmail.com	swaraj	
	MartyHub	
	izm4457	
	kachick	
avinash.varma4464@gmail.com	varmaavinash01	
bgzxz1987@gmail.com	bgzxz	
	kaz080	
raknair07@gmail.com	rakeshnair	University of Florida
	temmings	
oliver.montes@devopensource.com	oliver-montes	Devopensource
	orzjy	
	dnskimo	
toru.hayazaki@gmail.com	zakihaya	Japan
hitoshi.tsuyuki@gmail.com	hiikn	
h.bing612@gmail.com	tony612	Beansmile
howardleomei@gmail.com	HowardMei	
negima1976@negima.mobi	negima1976	
	sqjs	
fengsheng.10@gmail.com	ktbvds	
	mnenm	Japan
	wamatt	
	hulau	
	saiaman	
jiangzubin1989@gmail.com	zubinJiang	CBS Interactive
amrutkar.manohar@gmail.com	manohara	TCS
	marcelvr	
atsumu.dev@gmail.com	atsumu	
	3104haruko	
github@skywww.net	akatrevorjay	LocSol // Localhost Solutions
git@kenjiskywalker.org	kenjiskywalker	
alexey.hanin@gmail.com	ahanin	
	dragonghost	
	philippeguay	Activision
hiroshi.saitou@gmail.com	fnta	Catal,Inc.
	klitsche	KLITSCHE.DE
	darius-at-li	
	fixedset	
osamingo@gmail.com	osamingo	CyberAgent, Inc.
yuji.ym@gmail.com	yujiym	#710 inc.
	kei2100	
	NoriyukiTanabe	
yueping.q@gmail.com	benqian	Tribune Technology
devangvdesai@gmail.com	dpoetonwheels	
	taiki45	
bin.honda@gmail.com	honbin	
	rabitarochan	
ikko615@gmail.com	ikko615	Garoo
yankaycom@gmail.com	yankay	EMC
	nozaq	
jonathan.sinclair86@gmail.com	jonathansinclair86	RepKnight Ltd
	gyujp	
	keithseahus	
	suisho	
	scott-laursen	
	suzuki0keiichi	
	studio3104	
	wolfg1969	
	dive2sky	
keita.oouchi@gmail.com	keitaoouchi	
petr.kutalek@forers.com	petrkutalek	Forers, s. r. o.
manicstreetcoders@gmail.com	manicstreetcoders	
sakool777@gmail.com	hcilab	HCI lab at Yonsei University, Seoul, Korea
	PaulVI	Funshion.com
	usomillp	
	i09158knct	
	equus12	
	julianhaslinger	
youchike1220@gmail.com	tsuzakiyo	
	subak	Subak Systems
	emsearcy	
	hengyunabc	
	jxrr	
	duffss	
	Sugitaku	
daijiro.wachi@gmail.com	watilde	GREE
	fhoehl	
	browe32	Pearson Education
yhero96@gmail.com	hypermin	S-Core Inc.
	obarats	
koon.kaip@gmail.com	koon-kai	
	bossato	
	willowpet	
mylifeasacinema@gmail.com	k-hyo	RICOH
mp@ohgita.info	mugifly	University student.
	cawcul	
	hykw	
	saki7	Not employed
ekupelian@lyracons.com	ekupelian	Lyracons
Incisiv3@gmail.com	Incisive	
toraritte@gmail.com	toraritte	
	yxcwf	
	yoarai	
	eeprom	
n0rmrx@0xbot.com	n0rmrx	
	miyabiit	
bitterb7@gmail.com	bitterb	
contactme@ardenpackeer.com	apackeer	
cameron@datashovel.com	cameronjacobson	DataShovel
	lazyjay	
	dasfrosty	
	sheepberu	Japan
	advidi-tom	
	ozlab	
	MasatoMorita	
ghostx2013@gmail.com	ghostx2013	
	noromanba	
hohtsuka@gmail.com	hirocaster	Zynga Japan (旧ウノウ株式会社）
fservak@gmail.com	servak	
	j-imai	
	ohirata	
	284km	
	rimms	
nazomikan@gmail.com	nazomikan	
jojoagogogo@gmail.com	jojoagogogo	
	nyo-kichi	
sunday.is.over@gmail.com	cutmail	Fablic, Inc.
	ygotoh	
	dai199	
	sbilly	
	murasaki11	
	guehara	
ryota.arai@gmail.com	ryotarai	GREE, Inc
masumi.net@gmail.com	masu-mi	
cm10030@gmail.com	knii0211	
kentarok@gmail.com	kentaro	paperboy&co.
	masahiko	
shogo.sensui+github@gmail.com	1000ch	CyberAgent, Inc.
Kampe@ListenerApproved.com	Kampe	Listener Approved
	ayyar	
syohex@gmail.com	syohex	
	rail4you	
holysugar@gmail.com	holysugar	
brettspielwelt@gmail.com	mAster-rAdio	
iervolino.francesco@gmail.com	iervolino	Makepositive
beenpool.gmail.com	BeenPool	
	yabuchin	
sarikayaziya@gmail.com	ziyasal	
mailsforabhinav@gmail.com	abhinavsingh	
	typesend	
idnanashi@gmail.com	id774	
	nobyuki	Japan
	markauskas	
nuxlli@gmail.com	nuxlli	Vozero/Azuki
	aioutecism	auiWorks
	alexandrem	
	rg443	
	cnhacktnt	
kamil@kieliszczyk.net	kiela	
scourgen@gmail.com	scourgen	
kaichenxyz@gmail.com	kaichen	EasyRead Inc.
	dwenomo	
kyokutyo@gmail.com	kyokutyo	
k1.kami@gmail.com	k-k1	
	lburgazzoli	
	promise6522	
	jou4	日本コンピューター
	Filirom1	
ketan.davvindore@gmail.com	ketan21	Cerebrate Inc
tomas_stefano@successoft.com	tomas-stefano	SuccesSoft
	timdrijvers	
	saikachi	
	Yuanye	
zhang@erning.com	erning	Anjuke Inc.
	frankdu	Facebook
yu.chaong@gmail.com	tooooolong	baozoumanhua.com
	bluele	
ryochanda4@gmail.com	ryochanda4	
kewin2010@gmail.com	kewinwang	Sina
	tnbe2121	
geniusew@gmail.com	Bigcircle	
jjyruby@gmail.com	jjyr	
reza@qorbani.com	qorbani	http://itoriginator.com
	pensz	Anjuke
jonghyeon.kim@live.com	jonghyeon	
himurakenshin54@gmail.com	kenshin54	
chencheng.zhang@gmail.com	brucewinger	
122750707@qq.com	h2ero	
teitei.tk@gmail.com	teitei-tk	
henry.jykim@gmail.com	junyoungkim	Daum Communications
csouls@gmail.com	yusuket	
	themgt	Pogoapp
brett@librum.org	brett	
mmemetea@gmail.com	mmemetea	
miniway@gmail.com	miniway	
mail@modizy.com	floriandiud	Modizy
	sunliren2005	
	aktau	
3280467rec@gmail.com	onigra	
	buaasrf	
	svlasov	
	Zapata	
	wdsts	
baye@wayly.net	waylybaye	Freelancer
	dr3s	
henteko07@gmail.com	henteko	
camelmasa@gmail.com	camelmasa	
vassilkalkov@gmail.com	kalkov	
	patryyyck	
johncanlam@gmail.com	johncanlam	
	rksz	
iankit@outlook.com	ankitml	EduPristine
	msfm	
yogosawa@gmail.com	yogosawa	Revision23, LLC.
	dieselpoweredkitten	Spontaneous Solutions
	daisy1754	
	bbbmmmlll	
	jwyuan	
	mtrovilho	
linjunpop@gmail.com	linjunpop	Sumi Interactive
	ogibayashi	
maplevalley8@gmail.com	humiaozuzu	
	ilovenwd	
	bsnote	Endava
	yasfmi	
	mrmuxl	
dverbeek84@gmail.com	dverbeek84	
coder@thinkbox.com.au	thinkbox	
	radoslawc	
	taku39	
sepehr@milaniz.com	sepehr	CITech, Milaniz
chaizhenhua@gmail.com	chaizhenhua	
	mnatsu31	
	daskinne	
bracer@gmail.com	anveo	Zaarly
jonathan.creasy@gmail.com	johann8384	Contegix
sw.vitaliy@gmail.com	swvitaliy	Webparadox
	johtani	
	toshiwo	
	satooshi	
syuu@dokukino.com	syuu1228	Tokyo University of Technology
	jseita	Stanford University
	narachannel	
t.akiym@gmail.com	akiym	
	d6rkaiz	
	NMZXYCDRL	
daryl@darylyeo.com	Doppp	
y@webliyacelebi.com	yalcin	webliyacelebi.Com
doinsist@gmail.com	doabit	
bijiasuo2006@hotmail.com	eliu03	Kbuuk
oriol.lopez.sanchez@gmail.com	Mithrandir0x	
	xbloom	
	zhenyuchen	
alexrfalkowski@gmail.com	alexfalkowski	
daniel@healthycod.in	danielmitd	JobCloud AG
	Sdogruyol	webBox.io
hans.kristian.flaatten@turistforeningen.no	Starefossen	Den Norske Turistforeningen
	robertdean	
	oksouhei	
michal@aegis.org.pl	smereczynski	Aegis Foundation
	albsen	
debie.daan@gmail.com	DandyDev	Info.nl
john@jpdicosola.com	jpdicosola	
	Teknologica	ilabsinc.com
	van5150	
	anbinh	
nickbuff@gmail.com	nickbuff	
	sebw	
zshuaibin@gmail.com	zires	AUKUDU
tp@tiredpixel.com	tiredpixel	
roberto.f.barros@gmail.com	RobertoBarros	Scandix
dean.gvozdic@gmail.com	immigrantsheep	the syndicate
	tiffon	
paul.vaillant@gmail.com	pvaillant	
	DerMitch	
darkpilgrim@126.com	KailZhang	
daniel@vandorp.biz	djvdorp	
	tamsky	
jackliusr@gmail.com	jackliusr	
	thalweg	
makara@wiredcraft.com	makara	WiredCraft
aniceweb@gmail.com	vincenzodibiaggio	
	stickgrinder	Agavee
	udtech	
	gerricchaplin	Wandera, Inc
	ludovicc	
	ysorigin	
matagus@gmail.com	matagus	Streema
	TAKAyukiatkwsk	Bracket, Inc
github@joemcwilliams.com	josephmc5	CashStar Inc.
	rombob	
weiming.yin@gmail.com	yinwm	
mskco.tp@gmail.com	mkhoeini	
	hidenori-suzuki	Yahoo! JAPAN
	pskrz	
me@phills.me.uk	sparksp	CrowdLab
	believe3301	qunar.com
	piecioshka	Cyfrowy Polsat
takumi.saka@gmail.com	takus	DeNA Co., Ltd.
	kodamashi	
	schnabear	KLab Cyscorpions
github@sagi.org	sagiba	MyHeritage
	dlanner	
	andyjones	
sam@samqiu.com	samqiu	
	paxan	
	mokevnin	kaize
realmyst@ya.ru	realmyst	kaize.ru
mbainter+github@gmail.com	mbainter	
	pypeng	
public@iso3103.net	vperron	
hello@istvan.co	istvanp	
faust@dot.com.ua	faustman	Displify
marko.lalic@gmail.com	mlalic	
liuxidong1984 at gmail dot com	liuxd	
	ejsmont-artur	
	themrwilliams	Web Courseworks
me@yorkiefixer.me	yorkie	Mangrove Inc
tim.ray2005@gmail.com	dr-strangecode	Rackspace
tkang1@gmail.com	tkang	
	alvm	PortaOne Inc.
	iZRIdJJ53S	
	mttrs	Rakuten, Inc
hans@roman.pe	snahor	
imagegospel@gmail.com	Josephu	Siteminder
nifx28@gmail.com	nifx28	Lohengrin
randylien+github@gmail.com	randylien	Trend Micro
wuhsienyu@gmail.com	thomasyu	Rakuya International Info. Co. Ltd
	johnny5tw	
	nashibao	Plaid,Inc.
w@willsr.com	willsr	Whois®
	djsell	
	sibevin	
ba09219@gmail.com	furu	
bionjohnson@gmail.com	bion	
xinqiyang@gmail.com	xinqiyang	
m@jgs.me	e-jigsaw	
tenkoff@gmail.com	Tenkoff	
john@github.com	jnunemaker	GitHub, Inc.
danrbr@gmail.com	danielribeiro	
	kohgpat	
	stefaneyr	
he9lin@gmail.com	he9lin	Heyook
kenshin.acs@gmail.com	kenshinx	sina
	utwang	
ravbaker@gmail.com	RaVbaker	ReThink
lukasz+norecruitersandnospam@coffeesounds.com	lukaszkorecki	http://geckoboard.com
zoltan.nagy@wow.com	lazerviking	
huzhanpeng@gmail.com	foxracle	
github@stevenfusco.com	reklis	Cibo Technology, LLC
ryan@ryanmcg.com	RyanMcG	Amazon.com, Inc.
himself@mattonrails.com	mattonrails	Heroku
	kentkwan	
rabe.ame@gmail.com	raben	
koriolis@gmail.com	koriolis	Paddy Power
@antiserf	dannycoates	Mozilla
	yayktmm	
	eugeneiiim	Blend Labs
prafulliu@gmail.com	prafulliu	
takeshi91k@gmail.com	cknadler	Amazon
	joonas	DigitalOcean
	mashriq	
	lacre	
paultreny@gmail.com	paultreny	Paul Reny Web Development
alex.korsak@gmail.com	oivoodoo	
ashchan@gmail.com	ashchan	http://ashchan.com
	onlytiancai	
timzhang@dnsgit.com	Tim-Zhang	MadeiraCloud
pythonisland@gmail.com	LeslieZhu	Knowledge Decision Services LLC
windtalker03@gmail.com	fengyu25	
	hkmurakami	
c@kouloumbris.com	ckr	
	linusix	
silasrm@gmail.com	silasrm	Pensador Independente
	adriancdperu	i'm a newbie. yoroshiku :3
hayakasa@gmail.com	hayakasa	
oknm@okonomi.sakura.ne.jp	okonomi	
	benve	CINECA
kyle.bolton@gmail.com	kb	Crashlytics
	gkze	Resonate
katehuang0320@gmail.com	JuanitoFatas	
wojonstech@gmail.com	wojons	WojonsTech
david.ullua@gmail.com	davideuler	dianping.com
ryo88c@gmail.com	ryo88c	SPaiS Inc.
	kaminoson	
potato2003@gmail.com	potato2003	
olenikm@gmail.com	mattolenik	Microsoft
	gte959f	
ZWFydGhkcmFnb243N0BnbWFpbC5jb209PQo=	Mahito	TlRUIENvbXdhcmU9PQo=
	rajiff	
kale@franz.io	kalefranz	23andMe
	McRipper	Fashionbi
Jun.Hiroe@gmail.com	suzukaze	
zhuoyikang@gmail.com	zhuoyikang	
	hedjirog	Sansan, Inc.
	soramugi	
vince at control-escape.com	veselosky	
ni.zhiqiang@gmail.com	nizq	
jbeimler@radiomind.com	jbeimler	
	clearinterface	
	nushio3	Kyoto University
marronshepherd2@gmail.com	akira-kuriyama	
	flexoid	Monterosa
zoozy.cn@gmail.com	ZoozyCN	
aamer.alduais@outlook.com	aameralduais	Masila Petroleum Exploration and Production company (PetroMasila) 
dastjead@gmail.com	dastjead	
	dreikanter	Subliminal Maintenance Lab.
makoto7878@gmail.com	makotosasaki	
	bentierny	Nectify
	amiorin	
	bjzu	
	bemre	
francisdb@apache.org	francisdb	
	nsaeki	Japan
leonsbox@gmail.com	buger	Granify
hellolucky123@gmail.com	hellolucky	
	Linutux	
arrrmac@gmail.com	arrmac	
rodriguinho@jusbrasil.com.br	rodrigopr	JusBrasil
	mingqi	
	runtakun	
gbrits@gmail.com	gebrits	Clear Sky Above
	villins	
	linc01n	
schen@optimisdev.com	sydchen	optimis
elvuel@gmail.com	elvuel	
mingyuan0715@foxmail.com	qinmingyuan	宜昌新声音科技有限公司
lorenzo@qindio.com	lorenzoplanas	qindio
	jscssux	
	newsky	
error.d@gmail.com	errord	
liuzhoou@gmail.com	liuzhoou	
	joshuajabbour	
	yuparuda	
	attomos	
	jamescrowley	FundApps
	tq-jappy	Japan
	nschlemm	coder nostra GmbH
	slojo404	
	vcent	
	yuyak	
rongdong1234@gmail.com	RongDongsheng	
hiroki.matsue@gmail.com	Matsue	Rakuten,inc
	ono	
	mille-printemps	
info@29steps.co.uk	cheeyeo	29 Steps
me@jalaziz.io	jalaziz	
	tm-senda	Sansan,Inc
	vquemener	
james@maidment.org	jamesmaidment	
	jtammen	
goofan.su@gmail.com	goofansu	
kerdezixe+github@gmail.com	ker2x	
e@yi-wang.me	yiwang	Trendalytics
	evilabandon	
justin.valentini@gmail.com	jvalentini	Xerox Litigation Services
	niwatti	
	GeroOf	Japan
willie@pobox.com	willie	
	framed	
	diogene	
	bk1te	
	inokappa	
	phamptu	
	jchatard	Breek
	stuart-warren	Ocado
	pictzzz	
	lamawithonel	ADNET Systems, Inc.
	toshi-miura	
adrian@adnils.com	adnils	Pantor Engineering AB
	ahastudio	
	jazzwang	
Predatorian3@gmail.com	predatorian3	
	skonb	University of Tokyo/ Cybozu Startups Inc.
	randome	
iyagi15@gmail.com	iyagi15	
flip@infochimps.com	mrflip	infochimps.com
robb@proximate.com	robbfitzsimmons	Proximate
	holys	holys
larrylv1990@gmail.com	larrylv	Umeng
 gaganov@gera-it.com	mihserf	
	abdollar	
	carstenb	STUDITEMPS GmbH
	dharmeshkakadia	
wenh@mm.st	shunwen	
	pamucat	
	fishg	
	kozmagabor	Ustream Hungary Kft.
	Meai1	
tupy@jusbrasil.com.br	tupy	JusBrasil
jiangrongyong@gmail.com	jiangrongyong	Kingsoft
	mahmoudimus	Balanced
	sgarcez	DAGGERS
	mirche	
i@rb.cm	ricburton	
eric@ejholmes.io	ejholmes	Remind101
the.tester@mac.com	s2k	http://seasidetesting.com/
	checkraiser	
	benjamin-guillet	Remind101
moriya@engraphia.com	tarom	
her@sorah.jp	sorah	COOKPAD Inc.
wanliyou@gmail.com	ssssssssssss	
	huasanyelao	
jacking75@gmail.com	jacking75	T3 Entertainment
	LYY	
phil.toland@gmail.com	toland	Rackspace
	jhermann	
greg@loscombe.com	lovedaddy	Amplience
	stephenjlovell	
ritksm@gmail.com	ritksm	NEXJOY
	adrien-aubel	
syoichi@outlook.com	syoichi	
	mitoma	
	Pindar	
adas@colgate.edu	avidas	
	truereddevil	
kurtzhong520@gmail.com	kurtzhong	
	adeze	
hilarryxu@gmail.com	hilarryxu	
contact@maciejsmolinski.com	msblaze	
social.riyad@gmail.com	riyadparvez	
	echizensan	
jarrod@vertigrated.com	jarrodhroberson	Vertigrated, Inc.
	bashcoder	Platforms LLC
muloka@shortmail.com	muloka	Cauldron
tpitale@gmail.com	tpitale	LivingSocial
kerryjj@gmail.com	kerryjj	zeebox
tunght13488@gmail.com	tunght13488	SmartOSC
	naoyak	
james@jamesrgifford.com	jrgifford	Snowy Penguin Solutions, LLC/DragonID
marco@ceppi.net	marcoceppi	Canonical, Ltd.
	isaoshimizu	mixi, Inc.
laurens.thibault@gmail.com	ThibaultLaurens	Alfresco Software
	matthewfranglen	
	mikeleeme	
	axelnormand	
	zqhxuyuan	www.ultrapower.com.cn
christian@atdt.se	bolstad	
cctiger36@gmail.com	cctiger36	
	lamanotrama	paperboy&co.
	lovell	
	franquis	AF4F
	sweikenb	basecom GmbH & Co. KG, Osnabrück
wil@dready.org	wil	Cloud Registry
	colinsurprenant	
	zclfly	
yusukeaono.1031@gmail.com	ysk1031	
zhouqianghfut@gmail.com	zhouqianghfut	
richard@paadee.com	rmetzler	
yangfan.hb@gmail.com	oyang	sugarcrm
roland@moriz.de	rmoriz	Most of my time I fix software/sometimes companies as a consultant (freelance only). Pushing stuff to GitHub is my personal hobby.
joe@simple10.com	simple10	10 Hacks, Airship, Connect.Me
	rwky	
ryan@ryanseys.com	ryanseys	
	maxd	SPB.TV
tanner@tssoftware.net	Tanner	
iamjoel007@gmail.com	iamjoel	
	gklinich	
mholtz@capcom.com	capcomvertigo	Capcom USA, Inc.
jfisher@carrsystems.com	thejasonfisher	Carr Systems
	sh4	
	n3gster	
	UdjinM6	
hiroyuki.g@gmail.com	hiroyukihonda	
	savon-noir	
	siokou	
	HaraShun	
k.kabetani+github@gmail.com	kkabetani	
1982wb@gmail.com	boostbob	Startup
	mmoeller	
	kiyoto-suzuki	
fuziontech@gmail.com	fuziontech	Disqus
w.tatsuru@gmail.com	tatsuru	
soddyque@gmail.com	dreampuf	
howiloveyou@126.com	howiloveyou	1TRIP
aseknock@gmail.com	flada-auxv	https://github.com/esminc
	lijinchao	
miyabichan@aol.jp	ogino	
	elementai	OJSC Vimpelcom
	jakolehm	
	adrienschuler	Helios Technologies
	neurogenesis	
felipek@me.com	felipek	Nyvra
this.is.the.id@gmail.com	ysinha	Tavisca Solutions Pvt. Ltd.
	ryotaman	
	th3flyboy	
	wang-qian	
yannick@srtnwz.com	yannick	
tricknotes.rs@gmail.com	tricknotes	Enishi Tech Inc.
abdul.qabiz@gmail.com	abdul	Allies
	kanishkablack	
	a3no	
alexander.i.blagoev@gmail.com	ablagoev	XS Software
	libero18	
	Kirzilla	
hello@simonewebdesign.it	simonewebdesign	
	tapester	
mono0926@gmail.com	mono0926	Ripplex Inc.
	you21979	h.a.n.d., Inc.
catatsuy@catatsuy.org	catatsuy	
huhongbo@gmail.com	huhongbo	DNT
	antonmaju	
jonarrien@gmail.com	jonarrien	
	georgediaz88	GiveForward
	wenoki	
	avinashkoyyana	
inetfuture@gmail.com	inetfuture	Augmentum, Inc.
shiwei2012@gmail.com	sobject	
	fprg	
sugarbabe335@gmail.com	soh335	KAYAC Inc.
	taogogo	SINA.com
	sukiweb	Sukiweb.net
blankyao@gmail.com	blankyao	Tencent
mine@mine-studio.com	Mine02C4	Keio University
	ywjno	
	AshwinJay	
	alarky	
	silviud	
senthil@railsfactory.com	senthilnayagam	RailsFactory
	kisy00	
	ooeyoshinori	
shun.sato1@gmail.com	satoshun	Vettl.inc
jshao@placeiq.com	jayshao	PlaceIQ
	yss44	
	stevegraham	
netoneko@gmail.com	netoneko	Applicaster, Ogoloda.li
	BennyH26	
ynaganyan.dev@gmail.com	ynagai	the University of Tokyo
	porkcharsui	
rogerc@loadstorm.com	rlcampbell	CustomerCentrix, LLC.
tyabe@nilidea.com	tyabe	
	cliffwoo	HIT
omer.drow@gmail.com	thedrow	
	cpisto	
	liuzongqing	
	xTRiM	
	tantaman	
vbb625@gmail.com	vTNT	
radoslaw.wozniak@me.com	radwo	
	crisson	
	efries	
	dleyanlin	
mg@mgile.com	mgile	Symplified, Inc.
	bastibeckr	
meikyowise@gmail.com	shufo	
luca.soave@gmail.com	lgs	http://www.linkedin.com/in/lucasoave
arekara3nen@gmail.com	mako2x	
	bitzac	
hanul.choi@gmail.com	crpdm	Frograms
martin@wulffeld.org	wulffeld	Aeon Blue - http://www.aeonblue.dk/
	elee	Salesforce
	mancmelou	RetentionScience
dallasmarlow@gmail.com	dallasmarlow	tumblr
cesarwbr@gmail.com	cesarwbr	Algar Telecom
moretajoo@gmail.com	moreta	RESTIR.COM
	dieforfree	
pengpeng@hillsmobile.com	pengpeng	Hills Mobile
imwillmouse@gmail.com	weih	
m.azimi@armaghan.net	majidazimi	ART Co
abhikandoi2000@gmail.com	abhikandoi2000	
alex@erudika.com	albogdano	Erudika
	awhite-identropy	
	NeilBetham	
leo@xerial.org	xerial	
	akalyaev	Undev.ru
inthecloud247@gmail.com	inthecloud247	w00tlabs
	arathunku	
	dlobue	Rackspace
	opexxx	
	Winston1029	MelonSail
honglong@gmail.com	shyuan	KKBOX
fengl2@cisco.com	fengl2	cisco
	asbdzxln118	
dokumegane@interestic.com	do9iigane	bilcom.inc
tinaba@ina365.com	tinaba	
	choronz	
tsnr0001@gmail.com	suzukit86	
kubo39 at gmail.com	kubo39	
co000ri@gmail.com	ksss	
	alejandrodumas	Restorando
tunepolo@gmail.com	tune	Canon Inc.
	SuzukiMasashi	
dmitriy.kiriyenko@gmail.com	dmitriy-kiriyenko	Anahoret
echos@echo-sp.com	Echos	N/A
	metaps-koike	
h.kamitomo@me.com	h-kamitomo	
	AoJ	
accavdar@gmail.com	accavdar	Udemy
	fkaufer	
	kashifuji	
	dapithor	
eed3si9n@gmail.com	eed3si9n	
	benny-speaker	
ben.roeder@sohonet.com	benroeder	sohonet
	officekang	
	rgrinberg	Medigram
	cristobalrosa	
	capyboss	
	gg7	
t-moteki@hykwlab.org	mtksum	
oleg40a@	40a	
	F21	
andyhorng168@gmail.com	andyhorng	
fivemingshi@gmail.com	mingshi	F.B.I
alexander.lobunets@gmail.com	oleksandr	
	ethankang	MobCubes
leizhang.dev@gmail.com	leiz-me	
	guersam	
	antoncohen	
tomohiro68@gmail.com	Sixeight	Happy Elements K.K.
mtakuya@users.sourceforge.jp	mtakuya	
	rsallo	
	simonkuang	
kim@hyunjun.kr	yoloseem	StyleShare Inc.
mrkschan [at] gmail [dot] com	mrkschan	Convert Simply
	kentarogawa	
saiias0708@gmail.com	saiias	
fontanalorenzo@me.com	fontanalorenzo	Facile.it
	lo	datastack.io GmbH
vlada.petrovic@gmail.com	VladaPetrovic	http://zeppelin.co
	kozm	
	vinayak-garg	
	akorthaus	
	giordan83	
	dizballanze	WBTech
scalisia+gh@gmail.com	scalp42	Audax Health
	xunxky	
	ivancxj	
s232101@gmail.com	fukuiretu	jp
walkeryoung01@gmail.com	walker01	
cs006061@gmail.com	koudaiii	
	home3k	
cumakt+github@gmail.com	ukanth	
	yishaoye	
scarpellini@gmail.com	scarpellini	
	bcamel	
gabriel.g.baciu@gmail.com	motiooon	
	webrulon	
euphemize@gmail.com	jufemaiz	
nulltask@gmail.com	nulltask	https://github.com/uniba
123wuming_123@163.com	songlipeng2003	http://www.shouyibao.com
	hansotronic	Fröhlich & Frei
	camoedo	
	hiseba	
velosipedist.org@gmail.com	velosipedist	
jinqian.hz@gmail.com	jinqian	Moodstocks
endel.dreyer@gmail.com	endel	Doubleleft
	crudbug	
	masa21kik	
tagomoris@gmail.com	tagomoris	LINE Corp.
dev.vinhbt@gmail.com	vinhbtvn	
	icday	
thunderbird.m.s@gmail.com	MasahiroSakoda	
	MarcelHarkema	
	guitarmind	
	wangqi	
	tiagobevilaqua	IBM Brazil
rasur@bit-bit.ch	richardrasu	
n0wayshell@gmail.com	n0way	
tsechingho@gmail.com	tsechingho	http://goldenio.com/
zuohuiwang@gmail.com	bshawk	
	coffeeyy	
gundamew@gmail.com	gundamew	PChome & eBay Co., Ltd.
rodrigopanachi@gmail.com	rpanachi	1up4developers
	dwojdak	
subosito@gmail.com	subosito	
zheng.cuizh@gmail.com	charlescui	
	michaelx	Co-Founder of hikewith.me. Half of mymorningroutine.com.
	sstutz	
	zhyq0826	
	ephemeralsnow	
zxe86@163.com	zzdoo	Baidu
t@reinit.io	yol0	Vuclip
dadadada.chop@gmail.com	wasabeef	CyberAgent, Inc.
erichnascimento@gmail.com	erichnascimento	EA Service, Youse Technologies
	lowstz	
	liao-yuan	
es@solov.org	esolovyov	Gera-IT
tuanna.code@gmail.com	tuannat	Gloops
	akolosov	
davide.bettio@gmail.com	davidebettio	
	LongStrangeTrip	
ahngzwz@live.com	ent-worm	Anjuke Inc.
adpande@gmail.com	adpande	
	sarimurat	Sabanci University
	chrissnell	Revinate
sheerun@sher.pl	sheerun	Monterail.com, LLC
maina.coder@gmail.com	jmaina	Code4Kenya
	kylinpro	
wen66@126.com	wenzhihong2003	
	2014	
yhsgw.n@gmail.com	yhsgw	
akiomik@gmail.com	akiomik	LEMO
	threez	
	bambooZhou	
	naspeh	
iamjacke@gmail.com	Jacke	Empire InCloud
	gozdal	
	szhem	
	ogrange	
	skitn	
robert@creativequeries.com	bobbytables	
	timkofu	
	snc	secotrust IT GmbH & Co. KG
cedric@dugat.me	Ph3nol	
	thierrymarianne	
	leongkui	
	imZack	
	tacy	
michael@romanenko.kg	romanenko	ZeroOne
	jbenner55	
tony@tonylandis.com	tony-landis	
minhoryang@gmail.com	minhoryang	(was) Google Korea as a SWE Intern
	amagnus	
kevin@outroot.com	kdar	
oleg.anashkin@gmail.com	extesy	LinkedIn
	va034600	
email@mirkokiefer.com	mirkokiefer	LivelyCode
	zzugg	
sagittariusm25@gmail.com	TETRA2000	
seikima2demon@gmail.com	dmnlk	
	iangelov	
	EnosFeedler	
noyesno.net@gmail.com	noyesno	noyesno
glass.saga@gmail.com	Glasssaga	
aznm1ke31@gmail.com	mcchang	
dragon.d.firedrake@gmail.com	chiehwen	
maciej.lypik@gmail.com	mlypik	
	gEndelf	
	ymote	
srdrm.cn@gmail.com	wuyongzhi	
	shiraco	
gaurav46@gmail.com	gaurav46	eClinicalWorks
yuta.kurotaki@gmail.com	kurotaky	paperboy&co.
	xenop	
shane@shanesveller.com	shanesveller	
voronkovaa@gmail.com	Antiarchitect	Swissmed Mobile AG
	kofronpi	UTC
	thechile	
sbatalla@kovbit.com	sh0b	kovbit
pronix.service@gmail.com	pronix	ПРОНИКС
	mikecb	
kavu13@gmail.com	kavu	
	ozdemircili	
hakobera@gmail.com	hakobera	Quipper, Ltd
	philippeback	High Octane SPRL
	coyotte	
	zhangliyong	
	adamjacobbecker	Department of Better Technology
	kondoumh	
some.chicken@gmail.com	Lycoris	
jarosser06@gmail.com	jarosser06	Texas A&M College of Architecture
	hamaron	
swistakm@gmail.com	swistakm	IOT Sp. z o.o.
	targence	nippelapp.ru
	fanyeren	sohu-inc.com
	mariussturm	
con_mame@conma.me	conmame	COOKPAD Inc.
ta.okuyamaoo@gmail.com	okuyamaoo	Kobe Digital Labo.inc
kazuki.ohta@gmail.com	kzk	Treasure Data, Inc. (and Founder, DO NOT SPAM)
	alex4k	
y.ken.studio@gmail.com	y-ken	Livesense Inc.
	komiyak	freelance
	tatsu-yam	
yatsu@yatsu.info	yatsu	
	tsunokawa	
	mather	
yangbodotnet@gmail.com	yangbodotnet	Shinetech
hzuqiuyuanxin@gmail.com	JustQyx	easyread.ly
	haya14busa	
	bbaugher	Cerner Corp.
salymsash@gmail.com	lym	
	Haxker	
	chao-wang	
nishioka@eidos.ic.i.u-tokyo.ac.jp	xxthermidorxx	
	bartlomiejdanek	Selleo
	davidmr001	
yongjhih@gmail.com	yongjhih	
jamiepg1@talktalk.net	jamiepg1	Internetq
	john1king	
	ypxu	
	mikelewis	Scribd
	knomo	
jpuelpan528@gmail.com	Jpuelpan	
rnaveiras@gmail.com	rnaveiras	BeBanjo
michele.caramello@gmail.com	mcaramello	Treasure Data, Inc.
palominoz@me.com	palominoz	
rprior@infranology.com.br	RodrigoPrior	Infranology
	yubobo	
jamiehankin@gmail.com	JamieH	
	johnclaus	Librato
nolane@gmail.com	nolman	Square
	dizews	
ursuleacv@gmail.com	ursuleacv	
burkostya@gmail.com	burkostya	
	netkgk	
micheil@brandedcode.com	miksago	State
denji0k@gmail.com	denji	
	anggiaj	
hi@ethnt.me	eturk	Fanzter Inc.
	imshanks	
girish.iiith@gmail.com	girish	
mathias.bogaert@gmail.com	analytically	
mjc@kernel.org	mjc	
paolo.de.rosa@unipi.it	criptoverso	
	javierhonduco	
	nukesaq88	
neiljohn.ortega@gmail.com	neiljdo	icannhas Inc.
anthony.comtois@gmail.com	rewiko	
fm@slop.cc	fmeyer	
herbert.fischer@gmail.com	hgfischer	Zocprint
	maximum	
pstoica@gatech.edu	pstoica	
	cs278	Wider Plan
farcaller@gmail.com	farcaller	Hack&Dev
dan@d3fy.net	GrayTShirt	Defiance Engineering
dev@shirkey.me	shirkey	
	seantan	
	krzysztofantczak	
gzwu2000@163.com	jeffreywugz	
	bencharb	
	johanprinsloo	
	hilr	
	brucexin	
	hrys	
sunteya@gmail.com	sunteya	
	muchiko	
	yanhan	
	martinstojcevski5	Macedonian
	Locker537	
	spsusbilla	Voyager Innovations, Inc.
	jason-riddle	
	Raedism	
aquarhead@gmail.com	AquarHEAD	TeaWhen
	sota0805	Cyber Agent, Inc. Open Source Monomaniac. JavaScript Developer
hiro.kawasaki0311@gmail.com	kawahiro311	
mki144@gmail.com	mki	
syed@lukonet.com	irazasyed	Lukonet
	mknkisk	
	x-itec	X-ITEC
	rodrigues	ClubJudge BV
mherradora@gmail.com	mherradora	
hswayne77@gmail.com	hswayne77	Chunghwa Telecom
brunormoura@gmail.com	Bera	
	mose	Faria Systems
	delphaber	weLaika
	matthewskelton	
reterius@gmail.com	reterius	8protons
	danvaida	
	sineer	Sineer
zhengwei.jin@gmail.com	jinzw	
	yamashiro-r	
	sheaffej	
	tyrannosaurus	Spontaneous Solutions
t-moteki@hykwlab.org	tkmoteki	
jeff@required.io	jkingyens	
info@giedriusr.lt	giedriusr	
	tankedmitz	
rupakg@gmail.com	rupakg	CenturyLink Technology Solutions
	slawo-ch	Twineworks GmbH
	artixan	
jian.baij#gmail.com	baijian	
	wyukawa	
100star@gmail.com	100star	bigo systems
	ggrandes	
blueiur@gmail.com	daewon	synapsoft
	fesnow	
	shaweseven	PGS
	Confeito	
	usk	
heizai3@gmail.com	nuty	
sasemky@gmail.com	mikky	
	gtrevg	
	wadecong	
	samvtran	Ohso Ltd.
	algorerhythm	
lmammino@oryzone.com	lmammino	Sbaam
	rmahoney-bl	
akirakusumo10@gmail.com	bluerabbit	
sergey.stupachenko@gmail.com	RaZer	Techery
pawelhenek@gmail.com	pawelhenek	
	BrunoAndrade	
xupeng@xupeng.me	xupeng	Douban Inc.
	program247365	Synacor, Inc.
	sergkop	
vivek@weboniselab.com	vparihar01	Webonise Lab
alex@declera.com	decalek	
	culanlua	Freelance
	mominosin	
jools.weedcoder@gmail.com	weedcoder	Aldebaran Robotics
	danvayn	
	berico-rclayton	Berico Technologies
	huydx	
linhongshimouse@gmail.com	mouse-lin	
paul.d.evans+paulecoyote@gmail.com	PaulECoyote	
sachin21.developer@gmail.com	sachin21	Lang-8
hello@indieocean.com	indieocean	Indie Ocean, Inc.
	masdude	
	aoighost	
	alekmych	
hzuqiuyuanxin@gmail.com	justqyx	easyread.ly
fernando@fernandoalmeida.net	fernandoalmeida	
jarno.keskikangas@leonidasoy.fi	pyykkis	Leonidas
blackanger.z@gmail.com	ZhangHanDong	
nguyenngochoang89@gmail.com	hoang89	
tianxiaxl@gmail.com	jimxl	
vrungelru@gmail.com	shchekoldin	
savage69kr@gmail.com	savage69kr	
	MiketoString	
shinofumi.jp@gmail.com	shinofumijp	the university of tokyo
	aibou	
	naves	
	rogeriomarques	
	christian-schulze	
	joelcrocker	
	shun159	 APCOMMUNICATIONS CO., LTD.
dev.perfumed.garden@gmail.com	perforb	
wonder.think.answer@gmail.com	satoshihirose	astamuse
	shao12	
	wanglun	
root@mkrss.com	mk-qi	freeops
ivan.korobkov@gmail.com	ivan-korobkov	pdef.io
eugene.grachev@gmail.com	egrachev	
sgkim126@gmail.com	sgkim126	company100
	tono	
	famousgarkin	
	onuma1004	
beherca@gmail.com	beherca	创景咨询
sega.yarkin@gmail.com	sega-yarkin	
kunthar@gmail.com	kunthar	
yousuke.nii@gmail.com	ketulive	
	plastocyanin	
	djakarta-trap	
	fantastxu	Coconut Island Studio
wiliamsouza83@gmail.com	wiliamsouza	
molefrog@gmail.com	molefrog	
yskz.aoyama@gmail.com	blauerberg	Japan
aetetic@gmail.com	Aetet	Yandex.Money
	riskhedger	
	RayOfCreation	
	jessedavidson	
ken901waga@gmail.com	KENJU	KJ STUDIO JAPAN
	queirozfcom	
msparrow17@gmail.com	mia-0032	
	tak4hir0	
	John-Appleseed	
	cmfatih	
songzhiyong1121@gmail.com	songzhiyong	
hepin@sosia.us	hepin1989	Pekall Ltd
	kmanley	"A large financial institution"
	fenris02	
kato.ryoco@gmail.com	ryoco	Geisha Tokyo Entertainment, Inc
	tai-ga	
	sk3let0nz	Localhost Sdn Bhd
abhas@deeproot.in	abhas	DeepRoot Linux
	nn-a-yamaguchi	NextNinja
sunliwen@gmail.com	sunliwen	
	caorong	
	neophiliac	Merlot Research Group, Inc.
ryan@fangamer.com	ROFISH	Fangamer
	epylinkn	
	kyjunfly	
	jayform	
tim@agilemobiledeveloper.com	nxbdi	Agile Mobile Developer
	markcu	
nishantpatel611@gmail.com	nishp1	
	billychan	
hank.wang@dokec.com	hank789	dokec
	PChambino	
	hkai	
yuerguang.cl@gmail.com	yuercl	uestc
esa-matti@suuronen.org	epeli	Opinsys Oy
	azrle	
	nisanth074	Developer @SupportBee
81dublin@gmail.com	andredublin	KizStudios
	tyrchen	Juniper Networks
fr.hwang@gmail.com	frhwang	
obliviscence+git@gmail.com	Ephemera	Daum communications
	coderfi	
aafwu00@gmail.com	aafwu00	Daum Communications
	petrbela	
toyama0919@gmail.com	toyama0919	IPROS Co.,Ltd.
lunaphilia@gmail.com	lunaphilia	
	eahagopi	
me@prex.io	rex	Web Rookies
shurikk@gmail.com	shurikk	
malexw@hotmail.com	malexw	
himself@mattonrails.com	mattreduce	Heroku
	kzczencode	
fontanalorenzo@me.com	majinbuu	Digital Magics
ivan.korobkov@gmail.com	ivankorobkov	pdef.io
	zoncoen	
lateshg@gmail.com	latesh	
	bedla	
	santoshsahoo	SantoshSahoo.com
wlee@mochify.com	birryree	Mochify
hello@joaovrmaia.com	jvrmaia	Intelie
	AndyBerman	
pr0d1r2@gmail.com	pr0d1r2	Mamymo
deepakmdass88@gmail.com	deepakmdass88	Plivo Inc
	kaxing	
enulex@gmail.com	enulex	
alix.axel+github@gmail.com	alixaxel	
adam@goalzen.org	adamstallard	goalzen
Maple.HL@gmail.com	emctoo	scm
jaxiinofea@gmail.com	jaxiinofea	175game
klaxonpl@gmail.com	KLXN	
	herry1234	
	marm5r	
michal@bernhard.cz	michalbcz	
zhkzyth@gmail.com	zhkzyth	
plenluno@zoho.com	plenluno	
	yashumitsu	
	nicolasembleton	
dixentw@gmail.com	dixentw	
pass	bornio	
	carwyn	Bangor University
	sethcall	
andrew@chartkick.com	ankane	Instacart
i@firdaus.my	epireve	Mentariworks
	randyh0329	
	gawry	
	jasonku	Threadfilp
tonyseek@gmail.com	tonyseek	Douban Inc.
	ecabuk	
	alberts	CloudFlare
dobrych@gmail.com	dobrych	
	abookyun	
	yeouchien	
	toruuetani	
	Appletone	
	lidonghua	DianPing
	jiangplus	
info@andreadalponte.com	dalpo	
mizukota at gmail.com	kmizu	
emrahsari@msn.com	emrahsari	Royal Bits
zoyuchao@foxmail.com	yuchaozhou	University Science and Technology Beijing
	istvano	
nik@jastix.biz	jastix	null
arpanchavdaeng@gmail.com	arpan-chavda	Codejar Software Lab 
	vamsiikrishna	
	qnm	RateCity
felix.holmgren@gmail.com	felixyz	Holmgren Interstellar
jpshadowapps@gmail.com	goldeneggg	
	nepur	
greg@loscombe.com	6wl	Amplience
ahngzwz [at] gmail [dot] com	wenzong	Anjuke Inc.
	tykkz	
paul.d.evans+paulecoyote@gmail.com	paulecoyote	
xianhuawei.zhcn@qq.com	xianhuawei	
masato.ikeda@gmail.com	a2ikm	
	oimou	
init13@gmail.com	vshvedov	
erthad@gmail.com	timurb	Cinarra Systems
	tnamigata	
gianluca.varisco@gmail.com	gvarisco	Rocket Internet GmbH
	arnau	
	matzhouse	CRZY
	gildegoma	
the.gol.effect@gmail.com	thegoleffect	http://walmartlabs.com
	fuCtor	Vector Ltd
	zeysh	
	damien-roche	Enlivan
	Ishiro	
	eqot	
archerlaus@gmail.com	knightelvis	Oracle
sujay.vennam@gmail.com	sxv	
dain@danieldemmel.me	daaain	ustwo™ design studios limited
	take98	POSTECH
	mhoudg	
hi@maxiujun.com	xiujunma	Nextop.asia
immuzov@gmail.com	Immuzov	
	pocke	
	pocotan001	
	urfuwo	
	SHyx0rmZ	
github@goodfellasonline.nl	sirhopcount	
	wszyquan	
u1row.h@gmail.com	yuichiro-h	Coto Coto Inc.
khajavi@gmail.com	khajavi	
djstobbe@gmail.com	Problematic	AtTask, Inc.
	ajturner	Esri & GeoCommons
	ytamura	
	khchen428	
kosaki.motohiro@gmail.com	kosaki	
spenser@amplitude.com	sskates	Amplitude
nodever@126.com	nodever	Geek Team
tomsawyer126@gmail.com	itomsawyer	
	octsun	
edwin.polycarpe@gmail.com	addictstudio	Aego
	sunnytsang	Goood Company
	ysu2008	
	ezl	
	lcddave	CF
	drain166	
	trikef	
	majksner	DevOps at RenHead Technology
	kgryte	
maripiyok@gmail.com	maripiyoko	
	vitrun	
luka@yukiwata.net	yukiwata	
mkhanna@gmail.com	mohitkhanna	
	apiri	
	kevinming	
daisuketaniwaki@gmail.com	dtaniwaki	KAIZEN Platform
	louy2	
	yiyanghua	
hello@m-jo.co	emeasee	AJOTO
jakub.kulhan@gmail.com	jakubkulhan	
jonah@pixelhipsters.com	jonahoffline	PixelHipsters
	Takayuki-Morita	
	r3wald	
	graste	
	hoffigk	
kaid@kaid.me	kaid	
	matsuura-kou	
	markson	
	yukotan	
	Raboo	LetIT
austris@chevron.lv	AUS3RIS	
	shananin	
aj07mm@hotmail.com	aj07mm	E-novasys
	Kyuden	Everyleaf
	shsu	
d@nielku.com	kjunine	Versatile Programmer
	yanana	
	Vaess	
julian@getwillcall.com	jtescher	WillCall
reyes.yang@gmail.com	reyesyang	
	C1mone	
k.murakawa@gmail.com	skyis	
theodis@megalithtechnologies.com	djeraseit	Megalith Technologies
	silentforce	
chris@mongolab.com	chrischang12	MongoLab
sbellity@gmail.com	sbellity	Hull
marian@ezeep.com	marianzange	ezeep
	spuranam	
	katzkawai	
	lyasper	
romain@hull.io	unity	hull
	miracle0k	
	mezzatto	
	fgo	Appdorable
mju@google.com	munangst	Google
	AndreasKl	
	two-ack	
	onion83	
aleshgo@gmail.com	aleshgo	exbinet
	ezdevelop	
tacksangkim@gmail.com	ttekun	
	tg90nor	Linted IKT
	jahson	
	calmyournerves	
	huguesalary	
	hejiie	
	easonlin	
	Quexint	
	vacay	vacay
	knarf-se	
	jeduden	
willmouck@hush.com	Alive-AttemptTheLifeGangHouse	Attempt The Life GangHouse
adam@webhost.io	adamlindsay	WebHost.io
erichua23@gmail.com	erichua23	Tencent
	antonwinter	
nicolas.blattmann@gmail.com	nibla	Smile Open Source Solutions
	taranai	
	drefined	
vs@binq.com	binq	
	preichelt	appjesus LLC
	mandeep170	
	JAGAxIMO	Dwango
ernest0x@yahoo.gr	Ernest0x	
lincoln@clarete.li	clarete	Canary
	rosscdh	LawPalcom
ataraxer@gmail.com	ataraxer	Yandex
bihicheng@gmaill.com	bihicheng	
	daiweilu	
clkao@clkao.org	clkao	
	hexode	Yandex
something.tets@gmail.com	onote2	
	webwurst	
	comporlock	Japan
abe4tawa8@gmail.com	abe4tawa8	Galactic Empire
	honglin1983	
sz3001@gmail.com	suzhen	iclick
jspraul@yahoo.com	jspraul	
jeremeamia@gmail.com	jeremeamia	Amazon Web Services
jcris.siat@gmail.com	jessiesiat	
jeffrey.tratner@gmail.com	jtratner	
phil@rigovanov.ru	a1ip	Eltrans Ltd.
ulfurinn@ulfurinn.net	ulfurinn	
dostiharise@gmail.com	dostiharise	
	okuramasafumi	
ayumu.aizawa@gmail.com	ayumin	Heroku
	salty-g	
	cantabile4	
kevin@kokev.in	heyimkko	AnyPerk
mona.zsh@gmail.com	mona-zsh	
	haazime	
	Wadik	
	jkaipr	
	shinnyx	
nemytchenko@gmail.com	inem	JazzCloud
	lxcid	d--buzz
davidtxnet@gmail.com	terox	
	jimakker	
post@jonrichter.de	almereyda	geosemantik
fernanlink@gmail.com	crzrcn	
	dragonfish-au	
	mathieulaporte	
	faisalferoz	
	parmarnishant	
Yusuke_Shimizu@voyagegroup.com	karahiyoVG	
chris.witko@me.com	chriswitko	Szopuje
hemslo.wang@gmail.com	hemslo	FreeStorm
admin.sa@gmail.com	iMelnik	tvigle.ru
xindervella@gmail.com	xindervella	Herald
	gueyeb	Azendoo
	VerosK	
	a-munakata	Fourdigit
cubicdaiya@gmail.com	cubicdaiya	
naylowen@cheerful.com	snaylor	
jesuesousa@gmail.com	jesuejunior	PicStorage
	ontholerian	
paddy0914@gmail.com	paddy0914	TRS
remy@rootandflow.com	RNF-remy	RootAndFlow.com
marquisthunder@gmail.com	marquisthunder	ctrip
bonndan76@googlemail.com	bonndan	
	Matthimatiker	webfactory GmbH
	kallada	Chief Financial Officer at Mathewapedia
poofyleek@gmail.com	poofyleek	
	sbahmani	
	senz	
sheiqck@gmail.com	pwait	
	idiot1347	
	madsurgeon	
propellerheaven@gmail.com	nacyot	Leevi
	kmf	
	onix	
neillburns@gmail.com	neilburns	
	zarqman	
feipinghuang@gmail.com	FeipingHunag	
zbstof@gmail.com	zbstof	
	lab9i	
	nilya	
	cocowalla	
fontanalorenzo@me.com	fntlnz	Digital Magics
glass.saga@gmail.com	m-mtst	
	ajb	Department of Better Technology
	guohonglin	
Yusuke_Shimizu@voyagegroup.com	karahiyoVG-deleted	
djt5019@gmail.com	djt5019	
skullmasher@heartlessgaming.com	SkullMasher	
rubyoncloud@gmail.com	gregmoreno	
	icecreammatt	Vertigo
sunshareall0709@gmail.com	sunshare	
	bodenr	
	1derful	
joe.stein@stealth.ly	joestein	http://www.stealth.ly
midnightSuyama@gmail.com	midnightSuyama	
zlchen.ken@gmail.com	chenziliang	Splunk
krasilnikov.ilya@gmail.com	knopkodav	IKIT Laboratory
otoraru@gmail.com	AKB428	
admin@ultrahash.com	UltraWalker	
	Alireza-DarkMan	
littlehaker@gmail.com	littlehaker	
	umate	
	aixnr	
	janpantel	CouchCommerce
mw@cojo.in	mattweg	Cojoin Inc.
	mtwilliams	
	fireflyk	
oame@oameya.com	oame	
piot@hotmail.com	Piot	
liulantao@gmail.com	Lax	Renren Inc.
	jigsaw-coltd	AvecLab.
	derekddecker	SCEA
	wangyuhere	Mynewsdesk
	yangming85	
jonatam.ribeiro@hotmail.com	joridos	Cabuum Tech Web
seralf@gmail.com	seralf	freelance software consultant
afronski@gmail.com	afronski	White Rook
kibao.pl@gmail.com	kibao	
	japandr0id	
meotimdihia@gmail.com	meotimdihia	
	dkrikun	
vkroz@symorph.com	vkroz	Symorph
	huyz	
	pbu	
Doug@Everly.org	DougEverly	
eric@erichuang.info	erichuang	
asaaki@mannaz.cc	asaaki	Markentier HQ
	else	
	Claud	
	petro-rudenko	
tosumanguha@gmail.com	sguha	
	mms-gianni	
kaulgaurav84@gmail.com	gauravkaul	Chipzilla
zwxajh@gmail.com	zwxajh	
	Najtmare	
	wate	
alihalabyah@gmail.com	alihalabyah	ShopGo
	JadiysonTaki	
	milann	
	tossh0095	
eces@mstock.org	eces	
	luuhoangnam	
root@igauravsehrawat.com	igauravsehrawat	
	xengineer	
	nanoz	
	cole2295	
adam@woodsae.com	woodsae	Zanui
frank@heidjer.info	suchasurge	Ubilabs GmbH
	sheaven79	
	trahach	
me@endika.net	endSly	Ticketbis
	ramirovjr	ProDoctor
	lloydpick	Forward3D
	Engboilers	
	muhaha3	
adoyle.h@gmail.com	adoyle-h	
	jerheff	
allanca@gmail.com	allanca	Hangtime
	danilop	
	neallawson	
	michaelgruenewald	AWS
	appwiz	
ellipse42@qq.com	ellipse42	SOHO
garygaowork@gmail.com	garyelephant	Sina
	martijngastkemper	eResults BV
	tegioz	
cfernandez@hispagatos.org	ChrisFernandez	Hispagatos.org
	shsl	
	hrchu	
junwako@gmail.com	jwako	
	bchoorut	
	xiaoboa	
	vr000m	callstats.io
danil@danil.sexy	danil	healthsamurai.github.io
	yanxiongjian	
andrzej.kajetanowicz@gmail.com	kajetanowicz	
shantanu.oak@gmail.com	shantanuo	oksoft
yumitsu+github@justiceducks.com	yumitsu	
	rhumaric	Rhumaric ltd
	ksomemo	
	toxsick	Fröhlich & Frei
	zousu	
idocument@qq.com	xiaohulu	
	Punew	
accessd0@gmail.com	accessd	Evrone
	aharonp	
huayizhang@me.com	irachex	
	stevleibelt	
	alexband	
yun.er.run@gmail.com	shanzi	diumoo.net
tom@patugo.com	tomquas	
niklas@bivald.com	bivald	
stephen.zhuang@gmail.com	everbird	Douban
	dictcp	
	peromax	Drop Up, Rutube, Tracksflow
	asache3	
bigdstut@gmail.com	iambigd	III
	skyserpent	
	zkirill	
	robotiko	
lukasz@mintrock.com	lukb	Mint Rock
loganjohngorence@gmail.com	logangorence	DirectCode
sebastian.wallin@gmail.com	wallin	Userbin.com
tolivares@gmail.com	choclo	
oxocodes@gmail.com	oxocode	OXOcode
windsochi@gmail.com	windsochi	
mail@nicoheid.com	nheid	
	goofrider	
pete.vilter@gmail.com	vilterp	
@dunckr	dunckr	
213dormitory@gmail.com	legend91325	
	thomasfr	twitter: @thomasf
mountkin@gmail.com	mountkin	
lovekpo@naver.com	lovekpo	
qiuguo0205@gmail.com	jasonqu	
vleushin@gmail.com	vleushin	
	hyao	
	kikunaga0719	
	chingz	
kokekokkoooo@gmail.com	urokuta	
	pmorelli	
stvchu@gmail.com	stvchu	Sina
	boschicr	
mabidi6@gmail.com	med-abidi	Rosafi Holding
qinpengfei.2008@gmail.com	feifeiiiiiiiiiii	
	jkrage	
ainonic@gmail.com	ainoya	
	phstudy	
	mauroveron	Pixel Fusion
xuekun.s@gmail.com	tyrande	
tyamada@minimumscp.org	minimum2scp	
vially.ichb@gmail.com	vially	
	jun06t	CyberAgent
q.shanahan@gmail.com	quinn	HoneyCo
	philipgeraldtaylor	
kian.mohageri@gmail.com	kian	
andrenmaia@gmail.com	andrenmaia	
	llun	
admin@yqed.com	yqed	Axivo Inc.
	KazuCocoa	
	noritaka	
	sumkincpp	
	cgx9	
	mahijames	
	rprieto	TabCorp
tfunato@gmail.com	tfunato	
dominic.bou.samra@gmail.com	dbousamra	
marcello.desales@gmail.com	marcellodesales	Intuit
israelshirk@gmail.com	israelshirk	MOJO.
	cyberlot	
	Darwiner	
	ponkiti	
	wiennat	
	yukiogata	
nicolas.leger@nleger.com	nicolasleger	
ataraev@me.com	antonypp	Headmade
	lixef	
	throck	
	arnelandwehr	
	poowanai	
	smalllark	
	kaedroho	Torchbox
robert@wojo.com	wojo	GE Transportation
	kmasiak	
santi@mola.io	smola	Stratio
	flexik	
jakub@jirutka.cz	jirutka	Czech Technical University
	robertpd	
firstrow@gmail.com	firstrow	EximusCommerce
	d-bot	
	CiprianPorumbescu	
shamrin@gmail.com	shamrin	
crobin@nekoo.com	christopherobin	Nekoo K.K.
	edwardkenfox	
sparkprime@gmail.com	sparkprime	Google
	jeltok	
mookjpy@gmail.com	mookjp	
	kamotos	Friendryde
kounoike.yuusuke+github@gmail.com	kounoike	
	tombouctou	
	caoza	
	mr-salty	
remy@rootandflow.com	remy-actual	RootAndFlow.com
	charlieongithub	
satzz21@gmail.com	satzz	
	pentiumx	
	ecyuan	
	vpiserchia	
	peicheng	
hi@gurpartap.com	Gurpartap	
	oht56	
cyen0312+github@gmail.com	Lance0312	
scaryspiderpig@gmail.com	mikeroll	BSUIR
imaguowei@gmail.com	maguowei	
	midrissi	
	scottt732	
	0bit	
github@matej.me	matejkramny	NodeGear
mock2u [at] gmail.com	jasonzzz	
	kmephistoh	
	fountainhead	
	FluffyCode	
	hmrm	Box
tonytonyjan@gmail.com	tonytonyjan	5xRuby
	pmatev	
mschledjewski@aol.com	MalteSchledjewski	
	zetsubo	
hioki.daichi@gmail.com	hioki-daichi	
	sumipan	
masashi.sakai1986@gmail.com	massakai	
	mushfek0001	Therap Services, LLC
stefano.pigozzi@gmail.com	pigoz	
jackneill1000@gmail.com	Jackneill	
	corvus	
vampelf@gmail.com	vampelf	simplexi
narittan@gmail.com	RittaNarita	The University of Tokyo
m.maatkamp@gmail.com	marcelmaatkamp	-
thomas@develegant.io	thomchop	
tnotstar@gmail.com	tnotstar	
lyfeyaj@gmail.com	lyfeyaj	
	yachibit	
	jbravar	St. John & Partners
	liyinhgqw	
	gciding	Kogan.com
	TulipDuke	
	graysonc	
	patrickshan	
yaron.wittenstien@gmail.com	YaronWittenstein	Spot.IM
machisuji@gmail.com	machisuji	Finn GmbH
	s-kobashi	
	penguin944	
dmg.lab@outlook.com 	dmglab	
ixti@member.fsf.org	ixti	vidIQ
	mikehotel	
	datfinesoul	undefined.io
	tracking202	
	joshjordan	
runelabs@gmail.com	runelabs	
	1984pigeon	
github@benjaminfleischer.com	bf4	Raise.com Marketplace
	iandian	
kubo@iteman.jp	iteman	ITEMAN, Inc.
	skuznetsov	
	yetanotherape	
	aburgool	
	bestlong	
	fjorgemota	Meritt
	jasir	
	rstilli	
roberto.salicio@gmail.com	salicio	Blackslot S.L.
	t-chov	
	aminjam	
jasong@apache.org	JasonGiedymin	
mizushi@gmail.com	ymizushi	
	paulvi	Funshion.com
cm10030@gmail.com	k-nii0211	
csouls@gmail.com	csouls	
contact@maciejsmolinski.com	maciejsmolinski	
	haomingz	
	swimmingsand	
yangbodotnet@gmail.com	y00rb	Shinetech
	yamashiro0110	
hi@yujun.kim	yujunkim	
	titanomachy	
uetchy@randompaper.co	uetchy	
	planet-arrakis	
wangyaodi@gmail.com	yorzi	Intridea
	mhovey	Get Smart Content
sr7575@gmail.com	scottvrosenthal	
jordan.halterman@gmail.com	kuujo	Connect HQ
khairi@labs.my	mkhairi	labs
yusuke@junkpiano.me	yuchan	
zoobile@gmail.com	zairl23	Livinginweb
maslam@gmail.com	bilalaslam	Appuri Inc.
	simplemotives	
eddflrs@gmail.com	eddflrs	
cody@krieger.io	codykrieger	Cody Krieger
iam@hannal.net	hannal	
nyxtom@gmail.com	nyxtom	
xinran.wang@outlook.com	wxr	
fabioyamate@gmail.com	fabioyamate	Plataformatec
linuxmalaysia@gmail.com	linuxmalaysia	LinuxDotMy
kakie518@gmail.com	kakiezhang	
	arenahito	
markus@dulghier.com	mdulghier	triGo GmbH
	tgfjt	TAG PANDA Inc.
	toshiro3	
raposo.felippe@gmail.com	felippemr	
	alessandrodeste	
	madhukard	StreamSets
callan.bryant@gmail.com	naggie	Cydar Ltd
me@jalcine.me	jalcine	
julio.molina@telenet.be	jmolinaso	
	eastebry	Yelp
	robanlee123	
seth.ford@gmail.com	sethdford	XTRAC Solutions
jhmartin@toger.us	jhmartin	
wangtuanjiezh@gmail.com	wangtuanjie	
brett@brettchalupa.com	brettchalupa	
e@ecleel.com	ecleel	DevNet
qhwa@163.com	qhwa	Alibaba
sapronlee@gmail.com	sapronlee	
sas.198708@gmail.com	youngsterxyf	Baidu
	yazinsai	White
	masa16	CCS, University of Tsukuba
viliusp@gmail.com	vilius	
	Stanback	ZipfWorks
maczpc23@gmail.com	maczpc	sina
milans.thapa78@gmail.com	zerOnepal	
git@michaelsheedy.com	sheedy	
tetuo41@gmail.com	tetuo41	
williamyeah@vip.qq.com	williambao	S
	jaboko	
	jfmwz	
	lifecoding	
aquila.php@gmail.com	aquilaphp	
aram@of.am	aramkarapetian	Learnship Interactive GmbH
cmueller.418@gmail.com	pangratz	
	SkylerRogers	
	wevtimoteo	
code@tiagobastos.me	bastos	SaneBox
kgcrom@hotmail.com	kgcrom	
	yukkeorg	
	tatsuyano	
morenoh149@gmail.com	morenoh149	
	rubyplanet	
	grayj	
	dora56	
	redmitten	
	vkartaviy	
yanhangyhy@gmail.com	hangyan	
korprulu9@gmail.com	korprulu	
liouys@gmail.com	liouys	
	quine	Accuvant
	arccoza	
	hosiukeung	
evgnomon@gmail.com	ghasemz	ActorFS Community Project
pellaeon@cnmc.tw	pellaeon	National Chiao Tung University
	edwardmiller	
tynmarket@gmail.com	tyn-iMarket	
	laughingman7743	
micheal@morgan.ly	morgan	Good Theory Incorporated
	seandou	
itkrst@gmail.com	itkr	
graham@jahiel.net	gjmf	
	yoshiakimc	
	lkptrzk	
	aphexddb	
	dachi023	
	burnash	
	chelovekov	
	andrewsmith	
hakatasiloving@gmail.com	hakatashi	The University of Tokyo
	rike422	
	longbai	Qiniu Cloud Storage
	tutmosisII	
jared.biel@bolderthinking.com	jbiel	Bolder Thinking
	odk-	
	kyleparisi	
neviim@yahoo.com	neviim	NVM
	csears	
	dhalai	
	mikefaille	
caldercoalson@gmail.com	Calder	
nahi@ruby-lang.org	nahi	
	itxx00	itxx.sinaapp.com
	shyiko	
	chakabens	
	rentalname	
	levinzhang1981	
	Anye	
	maklaut	
mail@papix.net	papix	GaiaX
	majj	MaboTech
	expressoman	
	sheltowt	Edmodo
	mplonski	
	yhnavein	Pure Development
lifeisfoo@gmail.com	lifeisfoo	
airtoxin@icloud.com	airtoxin	Picomon, Inc.
klizhentas@gmail.com	klizhentas	Rackspace
robsonvnt@gmail.com	robsonvnt	Hotel Urbano
summit.suen@gmail.com	suensummit	
farrel.lifson@aimred.com	farrel	http://www.aimred.com
	Arvinje	
msylvia@nukefile.net	MSylvia	NUKEFile
	catogonzalez	
	hSATAC	
vinta.chen@gmail.com	vinta	StreetVoice
ashconnor@me.com	ashleyconnor	Sportech (Football Pools)
banzaimonkey@gmail.com	cbednarski	Riot Games
wangjoe1105@gmail.com	joe11051105	
pirjsuka@gmail.com	pirj	
romjepson@163.com	RomJepson	
	baabaa	
yang@keitheis.org	keitheis	
	bk	
info@sgd.com.br	aajj68	Ozz Sistemas
wanna.ordinary@gmail.com	ChunHungLiu	
	nevill	
	murajun1978	
	jimzhan	
	DanielMarquard	Netidy
	albertico	
	Komnomnomnom	
	45H	LJL Consult!ng
binaa1@gmail.com	heshed	
iwinux@gmail.com	iwinux	
	zhouweiwei	
	deepseven	
	bboerner	
paul@springett.me	paulspringett	Simpleweb
wppurking@gmail.com	wppurking	@wyatt_pan
dongri.at@gmail.com	dongri	Origami Inc.
ferdinandrosario@gmail.com	ferdinandrosario	
	gxela	
gareth@garethrees.co.uk	garethrees	mySociety
harssh122@gmail.com	harssh	
	tux-00	
polidogs@gmail.com	polidog	NEET
shine_forever@yeah.net	shineforever	
	suguru03	
	pg1	
masaaki.kurihara@gmail.com	rulers	TOKINDO, inc. / RULER(S)
hunterboerner@gmail.com	hunterboerner	
	slsay	
jsouzadev@gmail.com	BoVice	
	dfa1	
wangyan87@gmail.com	iamroody	thoughtworks
raymond@burkholder.net	rburkholder	
conscious.suddens@gmail.com	PavelDemyanenko	T-Systems RUS
	marumuji	
	szibis	Base CRM
	run26kimo	iRich.me
anniebh30@gmail.com	OtiAnn	
ks@fstn.jp	foostan	
	gr33ndata	
refat@whitespace.company	ahmdrefat	whitespace
me@toshimaru.net	toshimaru	Gunosy
	podshumok	Qrator/Highload Lab
k.takuti@gmail.com	takuti	The University of Aizu
tobeg3oogle@gmail.com	tobegit3hub	Xiaomi
tricokun@gmail.com	trico	
srmarc.ai@gmail.com	markets	
	kwcto	Kindwave
	eyelove	
	yonghuang	talkweb
shaojie519@gmail.com	shaojie519	
taomaree@gmail.com	taomaree	
	johnson	
	scotchfield	
	trojanowski	
bcho@vtmer.com	bcho	
	markoster	
nuaays@gmail.com	nuaays	
code@introspect.in	patyx7	
	disolovyov	
	lista	
	tsdtsdtsd	
backpackerhh@gmail.com	backpackerhh	
	mirceamironenco	
MZMunirr@gmail.com	ZeeshanMunir	Linx ICT Solutions
	vvworm	
ecylmz@bil.omu.edu.tr	ecylmz	pivotus
	spawn3	
	bradstewart	Pinecone
	acterry	
	robladbrook	
	rdelville	
	BrianRosamilia	
	itkantan	
	vickyjam	
	gururea	
	wangyandong-ningxia	
liseki@nyikacraftsmen.com	liseki	
ocowchun@gmail.com	ocowchun	
ashin.myclover@gmail.com	axiaoxin	
seijiro4751@gmail.com	seijiro	
leiyangyou@gmail.com	leiyangyou	
	William-Sang	
	gregory	BigCommerce
	ykisen	
	qlg	QLG
	grandvin	
	dzjuck	
amey.jadiye@gmail.com	ameyjadiye	Aretove Inc
	bigjonroberts	
joelhandwell@gmail.com	joelhandwell	
bonjour@pol.ninja	paulvalla	
	terminiter	
	anton-shelestov	
chengen.hust@gmail.com	chengen	
	israelsantiago	
elveszy@gmail.com	elvestar	Baidu
david.andrew.matthews@gmail.com	d18s	Skyscanner
jeremy@copiousfreetime.org	copiousfreetime	Copious Free Time, LLC
justin.otten+devel@gmail.com	justino	
	ionian-wind	
me@r3nya.ru	r3nya	
	skynet	W Research
	bshy522	AllMobilize
	JulienChampseix	
geekerzp@gmail.com	geekerzp	
tsu%yaroot%net	yaroot	
bradleyankrom+gh@gmail.com	bradleyankrom	Allerio
526283019@qq.com	xiaobaicaistring	
	truedat101	Razortooth Communications, LLC
kp@kat.pe	katgironpe	
josue.abreu@gmail.com	gotjosh	Pixel Perfect Tree
WilliamHerryChina@Gmail.com	williamherry	Smartlion
kran@adobe.com	chr0n1x	Adobe | Bēhance
	ciscorn	
053023.math@gmail.com	hitsumabushi	
	phanib	
	klenov	
github@oliyoung.com	oliyoung	Musio
kontakt@galmido.pl	Galmido	Galmido
	katz	
r1nlx0@gmail.com	zerosign	
	bluealert	
me@adamj.eu	adamchainz	YPlan
	liuggio	Terravision
wayofthepie@gmail.com	wayofthepie	
gnkr8@outlook.com	gnkr8	
yuki.tsubo@gmail.com	yuuki1	Hatena
	ganeshnaidu	
	srck	
nick@bugaiov.com	bugaiov	
ynaganyan.dev@gmail.com	ynaganyan	the University of Tokyo
glass.saga@gmail.com	mmasaki	NTT Communications
	duffn	
stephendicato@gmail.com	dicato	
	bachsio	Freelance
	rclayton-the-terrible	Next Level Security Systems
deepakmdass88@gmail.com	sentinelleader	coming soon ...
	jderrien	
	otard	
austris@chevron.lv	cyanpunk	
chris@mongolab.com	chrisckchang	MongoLab
	krahimian	vacay
kevin@kokev.in	k5o	AnyPerk
	coporlock	Japan
	inre	
seijiro4751@gmail.com	ozw-sei	
lexiongjia@gmail.com	xiongjia	
	linshaoyong	
deniscostadsc@gmail.com	deniscostadsc	GTAC
pedro@vlt.im	pvalentim	Impero
	balda	Creative Area
	firateren52	
	pauliusm	
	code-ape	
zhanghaocore@gmail.com	zhanghaocore	58.com
	0xfeeddeadbeef	
	eversea	
kelonyemitchel@gmail.com	kelonye	Me
r@czh.me	earthday	
shenzhunallen@gmail.com	shenzhun	LightInTheBox
	imada	
	forgottenleaf	
	chenkovsky	
	viljaste	
r.gravestein@triple-networks.com	Rud5G	Triple-networks
	cornguo	
	tamu222i	
	ngConsulti	ngConsulti LLC
	fengboy5	
t.fukui@hachimenroppi.com	tfukui0919	Hachimenroppi Inc.
	biaoqier	
agile6v@agile6v.com	agile6v	
spam@patrickmetcalfe.com	pducks32	
	nowfine	
aleksey.dem@gmail.com	ademidov	Evrone
	alber2kn	
for.ror.work@gmail.com	itsNikolay	
zhang.wei@dragon.jp	zhangwei	e-Agency co., Ltd.
	sokratisg	
	gwokae	Mewggle
huobazi@gmail.com	huobazi	
	tantinevincent	
albert.zhang@gmail.com	albertzl	Chinark
yeondudad@gmail.com	yeondudad	
	rishabhmhjn	
dingjun.zhou@gmail.com	wzdf1982	
	jruybal	ClipCard
emaxi.gonzalez@gmail.com	emaxi	GoodPeople
zhex81@gmail.com	zhex	
michael.vegeto@gmail.com	ZECTBynmo	Bedrock Data
seashineyu@gmail.com	kevyu	orangera
	AlexGaspar	
james.thornton@gmail.com	espeed	Electric Speed
brian.cajes@gmail.com	bcajes	
guobasanxian@gmail.com	BeanYoung	Buding Mobile
406483628@qq.com	kwcms	
evvers@ya.ru	evverx	
matthew.wooller@gmail.com	mwooller	
	h2non	
juno@evermore.kr	joonhochoi	
lyonscchen@gmail.com	lyonscchen	
wang.wenchao.cn@gmail.com	WangWenchao	sina
palmerabollo@gmail.com	palmerabollo	
	GrifiS	
yuan_xin_yu@hotmail.com	yuanxinyu	脸脸
	eddywebs	
jollychang@gmail.com	jollychang	Zhihu
sonots@gmail.com	sonots	DeNA Co.,Ltd
funnythingz69+github@gmail.com	funnythingz	nanapi
dmitry.polushkin@gmail.com	dmitry	9flats.com
xiocode@gmail.com	xiocode	appcoachs
lalitkale+github@gmail.com	lalitkale	
inbreaks@gmail.com	inbreaks	
	stephaneliu	
jnonon@gmail.com	jnonon	
neverlandxy.naix@gmail.com	NaixSpirit	
	e2tox	
	dzolnierz	FreshMail
	m-tkg	
hewigovens@gmail.com	hewigovens	Fourplex Labs
	ngbinh	Anduin Transactions Inc
	albhardy	
	jicksta	
	ivuk	
ryankanno@localkinegrinds.com	ryankanno	
	tomasgreen	
sam@borntyping.co.uk	borntyping	
mingfang@mac.com	mingfang	
	furuta07	
	ealtintas	
	ciela	
dqzhangp@163.com	zhangping	i4TV
jihoonson@apache.org	jihoonson	
mrak69@gmail.com	mpakus	aömega
	saratovsource	Evrone
dmitry.koprov@gmail.com	dkoprov	Evrone.com
ochach@gmail.com	3h4x	TouK
vr@labstack.com	vishr	
heresy.mc@gmail.com	mcspring	
	kcyang	
	arunlakshman	
alexey.badenkov@gmail.com	badenkov	
	koyadouhu	
stojce@me.com	stojce	
	zhouyq	goodrain
timmy.ccl@gmail.com	ctiml	
	p-lambert	
	sutetotanuki	
yienge@gmail.com	yienge	
	dominiklessel	mifitto GmbH
dlopez@routeatlas.com	zokeber	RouteAtlas.com
steven@weathers.me	StevenWeathers	Lowe's Home Improvement
	joe16t	Japan
	mprzytulski	
angvp@archlinux.org	angvp	Swapig
	normn	
	timoshenkoav	
mbajur@gmail.com	mbajur	
chptxy@gmail.com	chptx	
liuqi0611@126.com	lovio	
	ibmendoza	
live.tang@gmail.com	itang	
	khakimov	
	tmbit	BitBab
	starkovv	
	smcavoy-b	
protosschris.tech@gmail.com	chrisLeeTW	Hiiir Inc.
	Sunight	
	perillaroc	Numercal Weather Prediction Center of CMA
	suziq99999	Sansan
jimmy@gogojimmy.net	gogojimmy	commandp Inc
scorix@gmail.com	scorix	Liulishuo
cole.christensen@gmail.com	cole-christensen	
kazuho@natadeco.co	kazuho	DeNA Co., Ltd.
	deoxy	
nyarla@thotep.net	nyarla	in Recuperation (mental disorder from 2006)
summerwind.jp@gmail.com	summerwind	
	yamamo-i	
bradjonesca@gmail.com	bradjonesca	
	rdccosmo	
sawada.mshk@gmail.com	MasahikoSawada	
	NegativeMind	
nguyennv1981@gmail.com	nguyennv	
	nfleury	
tyler@crosscollab.com	wtcross	Bandwidth.com
	RichardHsiao	
	scoop	limited overload GmbH
	saminiir	
atttx123@gmail.com	atttx123	12307
lgobaira@gmail.com	lmgobaira	
skyarrow09@gmail.com	rightgo09	
gabrielcorado@mail.com	gabrielcorado	
ryanchou1991@gmail.com	ryanchou1991	
	lk432	Cornell University
	haskel	
	alinote	LD, China
	yangchf	
	HenryYao369	Cornell University
	kolyaak	
	after12am	
06fahchen@gmail.com	fahchen	
	davisqi	
Weiyoung.Zhou@gmail.com	weiyoung-zhou	
itsliupeng@gmail.com	itsliupeng	
	axilleas	
	nkymksk	
	igouss	Gemstones Design
sunsl@live.com	forrestsun	NERC
warrenmira@gmail.com	wmira	
bachue.shu@gmail.com	bachue	EMC
duning3650@gmail.com	dn365	
alexdwanerobinson@gmail.com	a-robinson	Google
github@cherrot.com	cherrot	Tencent,Ltd
	yuki-takeichi	
boukevanderbijl@gmail.com	bouk	Shopify
coreman2200@gmail.com	coreman2200	2200 Designs 
	cynial	
sergio.ramazzina@serasoft.it	sramazzina	SeraSoft S.r.l.
dolphin.cerberus@gmail.com	YukiOya	
dkcdkg@gmail.com	Dowwie	I don't code on shabbos
tim@jarz.net	jarz	
wanghao.buaa@gmail.com	hawkwang	Beijing University of Posts & Telecommunications
	sfat	3Pillar Global
podviaznikov@gmail.com	podviaznikov	Runnable
	suaron	
	ynott	
zheolong@126.com	zheolong	
zhimadlx@gmail.com	dinglixiang	
	h-michael	
edsgerlin@gmail.com	edsgerlin	Fuzhou University
erithair@gmail.com	riahtire	
ridewindx@163.com	ridewindx	HW
erithair@gmail.com	erithair	
prisyagnyuk@gmail.com	lex-r	
drew.michel@me.com	dmichel1	
	bkoerbel	
	jeancarlozapata	
	dibu28	
	jbrunner	nexbyte gmbh
	victorcete	Booking.com
	david-gurley	
edgar.nadal@gmail.com	edgarnadal	
danishkhan2931@gmail.com	danishkhan2931	
	zeitnot	
	matt-morris	
	mottalrd	
	stianeikeland	
	DragonStuff	
	KamalakannanPE	GlobalEnglish India Pvt. Ltd
patriciomacadden@gmail.com	patriciomacadden	
raymond.wanyoike@gmail.com	raymondwanyoike	
	kt3k	self-employed
	demelo-ng	
	ArtemKulyabin	
	codedaiquiri	
	ke-pan	
	backinblack	
	mspanc	
	nezihyigitbasi	Netflix
aravindhramu@gmail.com	aravindhramu	8kpc 
	lcosmin	
emil@innit.no	emilkje	Innit AS
john@johnjelinek.com	johnjelinek	Tradestation Technologies
joe@yolk.cc	yyolk	Y O L K
	ilgarm	
	smagellan	
	kikicarbonell	UCLV
	szemek	
	tomrogers3	
	hibiu1	
	jmcle	
	olvani	Olvani
poi.vansteki@gmail.com	vansteki	
	kakysha	
	hata	
frankelma@gmail.com	frankel	CTO at 100offer.com
	kerneldemon	
	wwwcojp	
masaaki.aoyagi@gmail.com	masaakiaoyagi	
nir.levi@gmail.com	nirlevi	
	torrocus	Fractal Soft
dylan.turner22@gmail.com	dylntrnr	
	marcy-terui	
	kmila	
	mattharden	
	gema-arta	
koujiyoshida0816@gmail.com	couunderbarz	Gunosy Inc.
	rrrrong	
	xumingthepoet	
	3denizotesi	
waynesan@zerozone.tw	WayneSan	ZeroZone
dkranec@gmail.com	dkran	
kkamegawa@clueup.org	kkamegawa	
me@chenye.org	chzyer	
steven@secondimpression.net	eksoverzero	
	tavancini	Google
	skepticfx	MongoLab
	ArtursL	
stevenson.jean-pierre@sage.com	Sjeanpierre	Sage
	mkarklins	
	otternq	Kochava
	aviddiviner	
airydragon@gmail.com	airy	
	abalone0204	
	akmumu	
morontt@gmail.com	morontt	http://lazy-ants.de
	y16ra	
free.all.bums@gmail.com	matyunin	FORUMHOUSE
	thalesac	uLevel
marcinpohl@gmail.com	marcinpohl	
	gulaschsippl	
contato@eliasdeoliveira.com	faeliaso	dizvulga
	liuyangc3	
johnjohn.tedro@gmail.com	udoprog	Spotify AB
bolek@alumni.cmu.edu	bolek	
mattgwagner@gmail.com	mattgwagner	
	gurpr33t	
bruno@bopia.com	brupm	
	kiseok7	Netmarble Games
	xzgyb	
	pisceswin	
muziyoshiz@gmail.com	muziyoshiz	
	CoreDuo	
	imcdona	
	gratuxri	
	pasichnichenko	MCN
	shen2	多说网
	qbig	
guozheng.ge@gmail.com	guozheng	Yahoo!
i@clozedu.com	clozed2u	
akram.abouemara@gmail.com	akdev	
	htgc	Capy Inc.
	ryozo	
	timesking	
	DaisukeYamato	Brainpad Inc.
gaikwad.abhijit@gmail.com	gabhi	Walmart Labs
	BensonYTLin	
hirakiuc@gmail.com	hirakiuc	
	susamn	
	englishm	Atomic Object
soasme@gmail.com	soasme	Douban Inc.
gewanbo@gmail.com	gewanbo	Financial Times
	tim-john	
lizhen.dgut@gmail.com	dyingbleed	Neusoft
	vasanthperiyasamy	
	vboldovskyy	
	vapopov	Fahlo
jin+github@jinpark.net	jinpark	DramaFever
roger.barreto+github@gmail.com	rogerleite	
	porcupie	Malachiarts Networks
eder.sohe@gmail.com	edersohe	Suggestic
mylastnameisyan@gmail.com	v2e4lisp	
github@christophwitzko.com	christophwitzko	
	omencat	
	pbc	
	ryu39	
	swdtkyk	
	wjsantos	
	wdmtech	
	jw0201	
wilk3ert@gmail.com	wilk	
	xiaoxiaozhao	
leandrolugaresi92@gmail.com	leandro-lugaresi	Coderockr
	rbouleau	Sfeir Benelux
	onemanstartup	
	yoosato	
stan001212@gmail.com	st0012	
	andersonspb	
sheena.artrip@gmail.com	sheenobu	
amit.das@cloudbyte.com	AmitKumarDas	CloudByte
tankmaster93@gmail.com	TankMasterRL	
	satishv	Ebates
philip@cammarata.me	PhilipCammarata	
	Aldor007	
	kandov	
artemzhurbilo@gmail.com	azhurbilo	
ngtknt@me.com	ngtk	
	davidterranova	
	MatejLach	
ivanvarghese@me.com	ivanvarghese	TMCYF
	lyrachord	
	meatball55	
cswuyg@gmail.com	cswuyg	Baidu
huoshiqiu@gmail.com	huoshiqiu	
	bnugent	
	kozuru-tmk	
	Neaton	
	alanmimms	
hienmvien@gmail.com	hmvien	
edwardtoday@gmail.com	edwardtoday	Shanghai Sansi Technology Co., Ltd.
help0999@gmail.com	masato25	
	moondowner	
	everm1nd	
me@thdr.io	konukhov	Vexor CI
azet@azet.org	azet	
ekrem.karaca@yandex.com	ekremkaraca	
yoshida.keiji.84@gmail.com	yosssi	
apeligrini@gmail.com	anderson	Kazap Tecnologia
	jackzzg	
	desdrury	
yesmeck@gmail.com	yesmeck	
	zivagolee	
garcia.rodriguez.william@gmail.com	willgarcia	
	bobey	RVIP
	mfehlhaber	
	vavavr00m	
	myui	National Institute of Advanced Industrial Science and Technology, Japan.
xandmaga@outlook.com	xandmaga	Sílex Sistemas
	dbhobbs	
	zhonglai	
	drrckln	
xxdlhy@gmail.com	xuxiaodong	Sina
rick1125@gmail.com	Rick1125	
mail@cbjohnson.info	charlesbjohnson	
	lucker6666	
	njamaleddine	
andreherrera.a@gmail.com	andreherrera	Fitbank
	DawnyWu	
	Taejun	Clusys 
matsuura.kou@gmail.com	matsuzj	i3Systems, Inc.
dchusovitin@gmail.com	dchusovitin	
takuma.miyake@framgia.com	johnny-miyake	Framgia Vietnam co.,ltd.
	christofmarti	
	superseb	Xebia
	curtiszimmerman	
	372316422	
monolithed@gmail.com	monolithed	Mail.Ru Group
	songmatt	
iwebpp@gmail.com	sequoiar	
nukboon@gmail.com	liverbool	ツ Joyprice Corporation ltd.
	realyze	Salsita, s.r.o.
	jchristi	
	Sliim	Numergy
gbuesing@gmail.com	gbuesing	
b@beatrobo.com	bucaran	Beatrobo, Inc.
flrngel@gmail.com	flrngel	Vingle
	tamasimrei	
hanxin1987216@163.com	hanxin1987216	DATATOM Co., Ltd.
	rock-you	
zhooul@gmail.com	foxzool	
atnurgaliev@gmail.com	n-at	
esycat@gmail.com	esycat	Persic Entertainment
anton@pinked.ru	likewinter	ProveYourSkillz
brianjdoherty@yahoo.com	brianjdoherty	Early Analysis
s.escob.b.27@gmail.com	sescobb27	
huaitao-deng@foxmail.com	lanrion	
winsonwq@gmail.com	winsonwq	KBer
	arturmartins	
maxim.avanov@gmail.com	avanov	Shopitize Ltd.
	herrernst	
igor.zubkov@gmail.com	biow0lf	Freelance, available for hire!
takehitosato@gmail.com	takesato	
	lzmy	
	e419	
	piotrjura	
	hd-deman	
	Pacoup	Canadian Institutes of Health Research
	rveguilla	
	jianyuan	
	shishironline	
thibaut.barrere@gmail.com	thbar	LoGeek (freelance + products)
	wmorin	BlaBlaCar
snarkydog@gmail.com	cengebretson	
liusongsen@gmail.com	liusongsen	
	vaal-	1C Game Studios
vincent.007.cn@gmail.com	vincent178	SAP China Lab
	michaeljs1990	NoWait Inc.
hideaki.ishii1204@gmail.com	danimal141	
	vkorobov	
	zirpu	
rafaellg@vision.ime.usp.br	rafaelolg	Universidade de São Paulo
